,Risco Baixo,Risco Moderado,Risco Alto,perfil
818371,99.47890514103088,0.5210948589691213,0.0,ultraconservador
125630,99.07185467432858,0.9281453256714229,0.0,ultraconservador
830798,97.60649929751764,2.3935007024823562,0.0,ultraconservador
673279,97.38228767884323,2.617712321156773,0.0,ultraconservador
823930,93.04330587396971,6.9566941260302855,0.0,ultraconservador
851336,99.83344389256118,0.1665561074388222,0.0,ultraconservador
291438,92.05749414355971,7.942505856440292,0.0,ultraconservador
637559,80.74235075061047,19.25764924938953,0.0,ultraconservador
147150,81.1603459261789,18.839654073821094,0.0,ultraconservador
372984,81.92120071866168,18.07879928133832,0.0,ultraconservador
183895,88.95257177075082,11.047428229249178,0.0,ultraconservador
738753,93.34561698887748,6.654383011122519,0.0,ultraconservador
583852,97.62339605309272,2.376603946907281,0.0,ultraconservador
250901,84.9027161365946,15.097283863405394,0.0,ultraconservador
872268,83.60665067233035,16.393349327669654,0.0,ultraconservador
499127,90.70927726406401,9.290722735935987,0.0,ultraconservador
781151,81.2788946654846,18.7211053345154,0.0,ultraconservador
540999,97.4999702450981,2.5000297549019024,0.0,ultraconservador
220249,95.01306509488502,4.986934905114978,0.0,ultraconservador
656602,87.10161548838872,12.898384511611283,0.0,ultraconservador
787686,84.58772288960532,15.412277110394683,0.0,ultraconservador
684346,88.76013648675263,11.239863513247371,0.0,ultraconservador
771803,89.39026172472398,10.609738275276015,0.0,ultraconservador
269122,83.22244287456292,16.777557125437085,0.0,ultraconservador
565940,83.88370124447967,16.116298755520333,0.0,ultraconservador
100287,93.81286922134404,6.1871307786559555,0.0,ultraconservador
474768,99.76757913460521,0.23242086539478635,0.0,ultraconservador
431360,88.42931322896946,11.570686771030537,0.0,ultraconservador
461518,81.0059580241837,18.9940419758163,0.0,ultraconservador
244213,93.31664755633257,6.683352443667431,0.0,ultraconservador
180824,82.02795836926643,17.97204163073357,0.0,ultraconservador
891214,83.96721758024147,16.032782419758533,0.0,ultraconservador
530012,88.01721017768709,11.98278982231291,0.0,ultraconservador
223884,98.52333488945212,1.4766651105478843,0.0,ultraconservador
495048,82.31232696225851,17.68767303774149,0.0,ultraconservador
113068,87.46326315424123,12.536736845758767,0.0,ultraconservador
438722,96.70607233454965,3.2939276654503544,0.0,ultraconservador
242297,97.0004459725956,2.9995540274044004,0.0,ultraconservador
833788,93.41723078708634,6.582769212913661,0.0,ultraconservador
261401,82.28261000988377,17.71738999011623,0.0,ultraconservador
533705,94.27740314989884,5.722596850101155,0.0,ultraconservador
586250,92.83217922565836,7.167820774341635,0.0,ultraconservador
117073,90.31711127023254,9.682888729767456,0.0,ultraconservador
113022,84.21804538978652,15.781954610213475,0.0,ultraconservador
709452,89.4909407783493,10.509059221650702,0.0,ultraconservador
154214,84.17217651486621,15.827823485133791,0.0,ultraconservador
496057,87.96250558517706,12.037494414822945,0.0,ultraconservador
654683,98.6604811711781,1.3395188288218947,0.0,ultraconservador
186158,95.16231168555441,4.837688314445586,0.0,ultraconservador
736713,84.95627060198987,15.043729398010129,0.0,ultraconservador
468157,98.20112093507612,1.7988790649238808,0.0,ultraconservador
735966,89.80173319552557,10.198266804474429,0.0,ultraconservador
137865,85.37843476991698,14.621565230083021,0.0,ultraconservador
893172,97.91855906507291,2.0814409349270875,0.0,ultraconservador
237528,96.58516101688505,3.4148389831149473,0.0,ultraconservador
346307,86.55414304448854,13.44585695551146,0.0,ultraconservador
195988,98.16380449223553,1.8361955077644723,0.0,ultraconservador
884792,85.34658761257971,14.653412387420289,0.0,ultraconservador
580514,90.9271064165349,9.072893583465103,0.0,ultraconservador
540071,85.35988072700705,14.640119272992948,0.0,ultraconservador
783872,90.46513378530318,9.53486621469682,0.0,ultraconservador
771903,87.27151985115424,12.728480148845762,0.0,ultraconservador
292745,98.06361819024647,1.9363818097535272,0.0,ultraconservador
677184,99.24300604743154,0.7569939525684646,0.0,ultraconservador
219528,88.05675885776955,11.943241142230448,0.0,ultraconservador
863318,82.21436576091229,17.785634239087713,0.0,ultraconservador
630666,92.53883710687367,7.461162893126328,0.0,ultraconservador
271342,95.70821067997475,4.291789320025245,0.0,ultraconservador
298701,94.57509672400488,5.424903275995121,0.0,ultraconservador
621332,94.97177805783332,5.028221942166681,0.0,ultraconservador
360085,82.80298415088092,17.197015849119083,0.0,ultraconservador
630156,87.54937900019314,12.450620999806858,0.0,ultraconservador
716945,91.29384607277854,8.706153927221465,0.0,ultraconservador
862193,80.20375694233961,19.79624305766039,0.0,ultraconservador
751704,87.40322335722,12.59677664278,0.0,ultraconservador
448838,80.28490070176109,19.71509929823891,0.0,ultraconservador
739559,99.01997326593587,0.9800267340641255,0.0,ultraconservador
639623,93.89614554907763,6.10385445092237,0.0,ultraconservador
262225,83.43925786278666,16.56074213721334,0.0,ultraconservador
394123,95.33728498590997,4.6627150140900255,0.0,ultraconservador
886039,96.58313245140641,3.4168675485935864,0.0,ultraconservador
895759,92.39563135344085,7.604368646559152,0.0,ultraconservador
355849,82.96928331610259,17.03071668389741,0.0,ultraconservador
182777,95.2263911306813,4.773608869318707,0.0,ultraconservador
894647,88.78764083036984,11.212359169630162,0.0,ultraconservador
293646,93.13374152349984,6.866258476500164,0.0,ultraconservador
639620,97.28329478826976,2.7167052117302433,0.0,ultraconservador
523939,99.25987473673698,0.7401252632630246,0.0,ultraconservador
180461,93.51166526243502,6.488334737564983,0.0,ultraconservador
378776,82.8411919561916,17.158808043808406,0.0,ultraconservador
863874,92.78871164542615,7.211288354573853,0.0,ultraconservador
752801,90.4346888728414,9.565311127158594,0.0,ultraconservador
541970,94.95778624113774,5.04221375886226,0.0,ultraconservador
784018,99.89059742412121,0.10940257587878932,0.0,ultraconservador
717370,83.0566563339935,16.9433436660065,0.0,ultraconservador
575114,88.76743973707332,11.232560262926683,0.0,ultraconservador
538799,80.35213912685174,19.64786087314826,0.0,ultraconservador
616843,87.31105901937819,12.688940980621808,0.0,ultraconservador
896620,96.85173965845958,3.1482603415404213,0.0,ultraconservador
386711,82.16360480614367,17.836395193856333,0.0,ultraconservador
271842,88.53206817518125,11.467931824818749,0.0,ultraconservador
371391,81.2521784285003,18.7478215714997,0.0,ultraconservador
533882,82.23441546106385,17.765584538936153,0.0,ultraconservador
518704,80.32517512453525,19.67482487546475,0.0,ultraconservador
333285,97.50143634465779,2.4985636553422097,0.0,ultraconservador
442490,96.8422977179168,3.157702282083207,0.0,ultraconservador
211867,81.35406908720113,18.645930912798875,0.0,ultraconservador
641540,83.80808502532166,16.19191497467834,0.0,ultraconservador
627192,83.00124538359974,16.998754616400262,0.0,ultraconservador
787676,89.15951641058192,10.840483589418085,0.0,ultraconservador
481493,81.58823594174875,18.41176405825125,0.0,ultraconservador
406955,88.62719870294562,11.37280129705438,0.0,ultraconservador
551280,85.9721837937156,14.027816206284399,0.0,ultraconservador
846574,87.56405223635808,12.43594776364192,0.0,ultraconservador
739616,94.03082948800326,5.969170511996737,0.0,ultraconservador
600442,98.4846498645355,1.5153501354645016,0.0,ultraconservador
832485,93.46302962656546,6.536970373434542,0.0,ultraconservador
528232,83.11482503229156,16.885174967708437,0.0,ultraconservador
716167,85.3366048060071,14.663395193992898,0.0,ultraconservador
789030,91.27989759148453,8.720102408515473,0.0,ultraconservador
374757,90.15648184824428,9.843518151755717,0.0,ultraconservador
689432,95.86771764085388,4.132282359146117,0.0,ultraconservador
519952,83.46341295763219,16.536587042367813,0.0,ultraconservador
629915,83.70028948424616,16.299710515753844,0.0,ultraconservador
441830,96.60153153967933,3.3984684603206716,0.0,ultraconservador
572805,95.68905856570139,4.310941434298613,0.0,ultraconservador
803813,90.61843429648879,9.381565703511214,0.0,ultraconservador
324511,91.49317409682094,8.506825903179063,0.0,ultraconservador
581008,80.51994861696232,19.480051383037676,0.0,ultraconservador
170727,92.62608775024407,7.373912249755932,0.0,ultraconservador
501771,96.269926498051,3.7300735019489935,0.0,ultraconservador
445356,91.52399804850671,8.476001951493288,0.0,ultraconservador
660057,85.96664313741573,14.03335686258427,0.0,ultraconservador
591711,90.92902161332609,9.070978386673914,0.0,ultraconservador
497444,88.2918778073334,11.708122192666593,0.0,ultraconservador
450879,97.69071774380689,2.3092822561931143,0.0,ultraconservador
317946,93.05343921842882,6.946560781571179,0.0,ultraconservador
491336,81.7478514067084,18.252148593291594,0.0,ultraconservador
622151,96.51831775303486,3.4816822469651356,0.0,ultraconservador
760315,90.4491906463315,9.550809353668498,0.0,ultraconservador
196253,86.11615433767192,13.883845662328085,0.0,ultraconservador
244862,95.62767735746102,4.372322642538975,0.0,ultraconservador
384524,98.93327886202124,1.0667211379787602,0.0,ultraconservador
820335,89.99122627839681,10.008773721603191,0.0,ultraconservador
330531,82.69264150575869,17.307358494241313,0.0,ultraconservador
881274,98.31354259455816,1.6864574054418426,0.0,ultraconservador
347713,86.7887255450975,13.211274454902494,0.0,ultraconservador
374840,85.40922256735837,14.59077743264163,0.0,ultraconservador
339400,83.51706670541316,16.482933294586843,0.0,ultraconservador
257426,91.48738543559475,8.512614564405254,0.0,ultraconservador
221647,84.2366795301028,15.763320469897195,0.0,ultraconservador
582357,84.9900659904148,15.009934009585194,0.0,ultraconservador
740485,91.63472385056087,8.365276149439126,0.0,ultraconservador
652844,90.66608531126823,9.333914688731767,0.0,ultraconservador
656134,95.29749778385921,4.702502216140786,0.0,ultraconservador
697667,92.51558836951949,7.484411630480508,0.0,ultraconservador
375686,94.04518594434333,5.954814055656669,0.0,ultraconservador
205009,91.88559586958533,8.11440413041467,0.0,ultraconservador
214462,83.28700854201995,16.712991457980053,0.0,ultraconservador
431431,90.97285365758552,9.027146342414483,0.0,ultraconservador
105723,94.03838193171231,5.961618068287692,0.0,ultraconservador
296795,95.51235002543143,4.487649974568569,0.0,ultraconservador
637780,86.70777042657514,13.292229573424862,0.0,ultraconservador
827060,89.37287663571875,10.627123364281246,0.0,ultraconservador
440651,92.1861344574346,7.813865542565395,0.0,ultraconservador
776889,87.1687924945131,12.831207505486901,0.0,ultraconservador
435926,87.4742833416091,12.525716658390905,0.0,ultraconservador
874388,84.73204794724768,15.267952052752321,0.0,ultraconservador
242853,84.96669610841657,15.03330389158343,0.0,ultraconservador
349776,81.37688758604342,18.623112413956576,0.0,ultraconservador
210293,97.96465864301885,2.0353413569811494,0.0,ultraconservador
491572,95.24254227402257,4.7574577259774316,0.0,ultraconservador
351381,97.39276927294853,2.6072307270514727,0.0,ultraconservador
792104,86.22281625630697,13.77718374369303,0.0,ultraconservador
315784,86.10613271034939,13.893867289650615,0.0,ultraconservador
773936,86.39929103344342,13.600708966556581,0.0,ultraconservador
448723,91.17873130389928,8.821268696100717,0.0,ultraconservador
192168,92.82910363380755,7.170896366192451,0.0,ultraconservador
142535,96.14315569555343,3.856844304446568,0.0,ultraconservador
890037,92.76722437570955,7.232775624290454,0.0,ultraconservador
393122,97.175726214825,2.824273785174995,0.0,ultraconservador
239162,86.98393208770896,13.016067912291035,0.0,ultraconservador
287709,98.92519753530038,1.0748024646996157,0.0,ultraconservador
760919,88.54537055097057,11.454629449029426,0.0,ultraconservador
721904,92.40378610352646,7.596213896473543,0.0,ultraconservador
629138,84.53468822040874,15.46531177959126,0.0,ultraconservador
189273,83.16028055896915,16.83971944103085,0.0,ultraconservador
857301,95.15485732861997,4.845142671380032,0.0,ultraconservador
318593,89.8707090176618,10.129290982338205,0.0,ultraconservador
434616,96.65279071579438,3.3472092842056185,0.0,ultraconservador
532778,99.66536721166432,0.3346327883356821,0.0,ultraconservador
586605,80.88408561629898,19.115914383701025,0.0,ultraconservador
191007,85.44469739100539,14.555302608994609,0.0,ultraconservador
553135,90.58329381679897,9.416706183201029,0.0,ultraconservador
853258,85.96359672776099,14.036403272239014,0.0,ultraconservador
409712,81.57533016633899,18.424669833661014,0.0,ultraconservador
628664,87.50401292571927,12.495987074280734,0.0,ultraconservador
712786,93.0222602574387,6.9777397425612975,0.0,ultraconservador
733787,99.50139319442694,0.49860680557306125,0.0,ultraconservador
360094,82.91739938194264,17.082600618057356,0.0,ultraconservador
600988,62.60195936813467,32.07080309510425,5.327237536761077,conservador
654054,63.23082716458218,36.45950955519528,0.3096632802225387,conservador
846146,71.95195450024622,24.094650017658672,3.953395482095112,conservador
785582,63.92724333200743,31.813255586160462,4.25950108183211,conservador
328730,61.55041627256586,35.602744123710764,2.8468396037233723,conservador
158112,62.42807327161601,34.44876452562558,3.1231622027584174,conservador
483436,64.11332018095385,34.134325035076195,1.7523547839699571,conservador
597028,62.252609637802266,29.41443808336232,8.332952278835414,conservador
816566,64.55570441999502,34.2924417320668,1.1518538479381784,conservador
686704,67.22615274628939,27.05098321232642,5.722864041384195,conservador
568292,63.332991674932316,29.374296968577934,7.292711356489752,conservador
391492,62.93826596222529,28.811547691343055,8.250186346431658,conservador
832014,66.35356400218055,27.376834052261213,6.26960194555824,conservador
822970,62.98856554779953,35.28164857188908,1.7297858803113917,conservador
370245,72.56618364536018,21.911482744703783,5.522333609936032,conservador
854253,73.78801006294287,22.36769771367462,3.8442922233825074,conservador
503611,67.08978316714197,32.08523818640368,0.824978646454344,conservador
228902,69.93966967355955,26.70034923652247,3.3599810899179805,conservador
774465,67.68083163165763,28.408735874716033,3.910432493626342,conservador
275556,69.99062915759079,27.182696699297527,2.8266741431116844,conservador
297559,73.66662936051377,24.746137953536593,1.5872326859496395,conservador
356030,70.69762311309782,25.776284305325138,3.526092581577043,conservador
807712,69.07862031867269,30.835244210022132,0.0861354713051785,conservador
508657,73.40539683074515,22.01898981924092,4.57561335001393,conservador
596794,66.80660789724544,29.519615493402537,3.6737766093520228,conservador
697451,69.470127693925,30.38779475507865,0.14207755099635347,conservador
497792,72.16401733795804,26.655050608078295,1.1809320539636627,conservador
208705,73.05028242164633,24.723563162153965,2.2261544161997056,conservador
814705,70.40409389008873,24.003288736012614,5.592617373898655,conservador
845139,71.92170626333782,23.367866138947793,4.710427597714381,conservador
628238,64.99048927015059,30.71445745619577,4.29505327365364,conservador
588901,60.26176826013389,35.946318719682615,3.7919130201834914,conservador
870041,72.73463282206852,22.13241363342289,5.13295354450859,conservador
580216,67.34835857940617,27.53874380999761,5.112897610596224,conservador
209290,67.98277731799658,29.85833125319423,2.1588914288091927,conservador
534580,72.95778698669089,21.325546294262203,5.716666719046906,conservador
142358,72.52906838686795,20.826962534185892,6.643969078946158,conservador
314266,68.10846579107843,29.567762799693252,2.323771409228318,conservador
216713,68.78041306068727,26.0713015810528,5.148285358259935,conservador
618006,70.3741903987382,26.32763650146519,3.298173099796618,conservador
400681,70.20758815067039,28.082866216939873,1.7095456323897371,conservador
248302,61.22208082157354,34.041953809715025,4.735965368711436,conservador
519566,65.96850868838888,30.8676085288025,3.163882782808621,conservador
705677,66.7560913343066,28.63813846208702,4.605770203606378,conservador
337595,63.8625633971534,30.184914346277797,5.952522256568802,conservador
794715,67.72213399252495,30.185420285054047,2.0924457224210093,conservador
645517,73.22497827954986,24.57049248529234,2.204529235157801,conservador
885063,73.5150506182161,23.119895390791598,3.3650539909923074,conservador
833666,66.20626232306415,28.36586153050269,5.4278761464331575,conservador
808284,72.49838217356336,21.486778540473527,6.014839285963116,conservador
193589,66.02247273248673,26.575834083190088,7.401693184323179,conservador
875539,68.04971896318968,29.104151084643267,2.8461299521670567,conservador
121039,64.1972424727381,34.56020486384907,1.2425526634128325,conservador
521768,70.7802099265264,24.780147544144747,4.439642529328858,conservador
283575,69.50491183894789,28.172180216585208,2.3229079444669,conservador
225106,64.16825526813344,35.01192988829138,0.8198148435751866,conservador
194100,68.44976540932367,24.582571189057187,6.967663401619139,conservador
330882,71.06512764702633,24.701623713449226,4.233248639524444,conservador
192992,74.30486051083179,21.05962520035229,4.635514288815922,conservador
770871,63.40722271529477,34.82964288639869,1.7631343983065393,conservador
569560,69.76985740582646,28.875334015316234,1.3548085788573085,conservador
710518,60.99517870078956,34.38410074961861,4.62072054959183,conservador
609765,72.1978111007386,25.04563529317132,2.756553606090075,conservador
654449,69.15190878718992,28.172994403164974,2.6750968096451007,conservador
351661,60.78921743009394,34.39492125970527,4.815861310200786,conservador
445546,72.28546429993138,23.130766726105634,4.583768973962988,conservador
132790,65.97798288285341,29.73232346453575,4.28969365261084,conservador
778852,64.77158661177971,29.77916059149414,5.449252796726148,conservador
309811,60.75921739670913,39.05084875150541,0.1899338517854524,conservador
704603,68.88485082437855,24.685204471077526,6.429944704543928,conservador
219764,63.16274729325249,30.603748322919873,6.233504383827638,conservador
455133,74.89982209744414,22.389762191936637,2.7104157106192197,conservador
314840,64.0806684729299,31.93561343493794,3.983718092132156,conservador
584165,61.010669966958744,31.581984330366268,7.407345702674987,conservador
453941,65.4198043144344,30.10884499233103,4.471350693234569,conservador
464093,67.37394947531892,30.133653463971203,2.4923970607098718,conservador
479722,72.54652982834838,25.719197534862264,1.7342726367893535,conservador
334070,73.36217063303701,22.88269570934934,3.755133657613651,conservador
267894,68.03360482595792,30.993587910071597,0.972807263970481,conservador
636767,63.91457588057403,31.688556267445314,4.39686785198066,conservador
485767,65.68011730417543,25.819780754747747,8.500101941076828,conservador
578340,70.1969405470455,28.0275525692122,1.7755068837422974,conservador
744774,71.68220976619351,22.74538428948688,5.5724059443196134,conservador
105704,63.56286703256358,36.040100207641636,0.39703275979478214,conservador
622735,62.30034036262085,29.352896734459335,8.346762902919814,conservador
286590,73.3386811244113,21.805907448539894,4.855411427048812,conservador
350550,67.0030053171665,25.835075817224084,7.161918865609418,conservador
231791,64.85196206310636,27.19501650838625,7.953021428507393,conservador
786655,62.64013286295067,30.545566078701828,6.8143010583475006,conservador
606260,67.55876610285821,28.842193663075637,3.5990402340661496,conservador
611265,64.55043272402047,33.96276786223387,1.4867994137456657,conservador
700900,61.94170636910015,29.415185957034097,8.643107673865748,conservador
853771,61.48602716852664,36.256065884663386,2.2579069468099715,conservador
393580,63.91128368437584,34.228751337988406,1.8599649776357579,conservador
629245,70.5281210371784,23.203598737442015,6.268280225379593,conservador
468580,64.92742543890336,29.6727966206071,5.399777940489543,conservador
436923,73.00100084140178,23.618286048847775,3.3807131097504475,conservador
670010,69.55100356060761,27.708172701886685,2.740823737505704,conservador
399873,69.46364525390722,23.522331601179197,7.014023144913586,conservador
163295,68.54414781971387,27.820289105743885,3.6355630745422425,conservador
674346,70.00262380385821,25.34582941502751,4.651546781114276,conservador
434573,72.78457050441018,23.646265894165907,3.56916360142391,conservador
774669,71.29290900738228,24.46208299989725,4.245007992720472,conservador
454902,71.20020106341711,24.99138804984895,3.8084108867339377,conservador
116188,74.78743605650405,19.27966666359869,5.932897279897262,conservador
156025,62.48274386422578,28.730182563144627,8.787073572629591,conservador
262248,73.0028281525846,21.381926972490312,5.615244874925091,conservador
860617,69.32885422235105,29.975184959423125,0.6959608182258216,conservador
811786,65.63717821574167,30.169470816136737,4.193350968121592,conservador
781988,61.52801812409284,33.65223094718507,4.819750928722093,conservador
578875,67.62068138436469,27.765060063300464,4.614258552334848,conservador
334375,74.30678080445054,20.065851653521516,5.627367542027942,conservador
800445,71.73598390587398,24.88999473311672,3.3740213610093015,conservador
578767,66.32951839593625,29.19279914879349,4.477682455270264,conservador
557945,63.11272961037745,31.909540386220804,4.977730003401746,conservador
480336,66.82818096224474,26.560502761692458,6.611316276062796,conservador
719635,60.096701379221734,36.059804732676696,3.843493888101567,conservador
702594,74.6626847240424,21.5947430421475,3.7425722338100953,conservador
409316,71.36066424575657,26.877031036197078,1.7623047180463536,conservador
472977,61.61782665749071,30.388988418632373,7.9931849238769175,conservador
431298,65.32907537329794,26.856895460948802,7.814029165753257,conservador
445632,62.33738944059778,31.353959726266368,6.308650833135848,conservador
858758,70.06881910755922,24.67253593856239,5.258644953878389,conservador
452638,65.7038921074631,33.63692969438128,0.6591781981556172,conservador
364529,63.9812199319132,30.431348541728045,5.587431526358753,conservador
712555,66.61840930142537,32.94277017282432,0.4388205257503095,conservador
457674,73.12207906345567,24.133605327253633,2.744315609290696,conservador
223262,73.23120533480565,26.137011604033493,0.6317830611608553,conservador
343494,60.14122361054109,38.3587006351353,1.5000757543236116,conservador
192840,70.57201872783816,28.23145628866964,1.1965249834922045,conservador
888423,72.88338759851887,22.791354371723326,4.325258029757808,conservador
866957,66.21594913401576,26.93129581185987,6.852755054124373,conservador
187240,66.03953578163818,32.15192062072788,1.8085435976339446,conservador
581086,60.68617417276306,38.863044920033694,0.4507809072032476,conservador
122735,63.488217830619945,28.149921804749663,8.36186036463039,conservador
502877,62.36604668036847,32.67657834298735,4.957374976644181,conservador
150682,74.905155478073,19.96631507637766,5.12852944554934,conservador
658276,65.98134790461798,25.783333384904207,8.235318710477815,conservador
382143,72.23381410976094,23.678802651688322,4.087383238550735,conservador
478922,74.06090916151473,21.04021225945328,4.898878579031992,conservador
516406,74.88256747649486,25.038914408892516,0.07851811461262682,conservador
188129,68.42362617024236,24.906005367391252,6.67036846236639,conservador
453020,67.99884374501218,31.69857575764781,0.3025804973400092,conservador
470812,70.85188051729901,23.985302864724535,5.162816617976457,conservador
606905,71.9395059405602,23.406554364153514,4.653939695286289,conservador
267843,64.65554438701217,34.63789787267396,0.7065577403138692,conservador
715218,69.16951060959211,24.114527845929516,6.715961544478374,conservador
853514,72.33084109173615,25.698163713572974,1.970995194690879,conservador
253555,61.37610369468437,34.39190636933895,4.2319899359766815,conservador
875030,65.66587191843699,25.879261441224394,8.454866640338615,conservador
159878,67.43752242953752,25.45139618380202,7.111081386660454,conservador
421438,63.77326469494113,33.293293032771814,2.9334422722870546,conservador
108826,74.35195394529391,21.56933323211346,4.078712822592625,conservador
634843,69.01982814486769,24.142218418182086,6.837953436950225,conservador
134521,68.29828284118766,24.06705963062463,7.634657528187711,conservador
557544,69.07630665844287,30.22113937929477,0.702553962262358,conservador
414425,72.93733595148797,22.572339753712157,4.490324294799876,conservador
223434,64.12125559113299,31.509612932517292,4.369131476349714,conservador
893157,62.02580935178722,29.71796237548134,8.256228272731445,conservador
517372,72.93723069203809,23.115824724651038,3.9469445833108776,conservador
842177,65.90229518932595,29.264385888946823,4.833318921727224,conservador
745714,65.56243509284603,31.202358616668594,3.2352062904853773,conservador
213858,68.72971638475056,29.992004667016165,1.2782789482332757,conservador
636556,61.46903275900756,31.673990399929497,6.856976841062943,conservador
774511,62.32419285124419,37.254640738786726,0.4211664099690789,conservador
555817,62.590044919138826,28.14818251629419,9.261772564566982,conservador
204302,73.12380334112304,22.959278250147012,3.916918408729952,conservador
722546,60.69758404095027,37.375203337510214,1.9272126215395171,conservador
776641,69.51807569286817,27.1905546518453,3.2913696552865344,conservador
117954,69.28876930874718,26.467938604621654,4.243292086631168,conservador
872323,68.4123061281833,27.41632040834603,4.171373463470667,conservador
386657,68.59850813754983,30.848033415227437,0.5534584472227352,conservador
311042,61.24916252282191,35.3836839438311,3.3671535333469844,conservador
836352,62.354601525554884,30.84780912773171,6.797589346713406,conservador
502580,61.77532249851862,29.718277645555656,8.506399855925723,conservador
175182,62.78417661171787,35.15586426764149,2.059959120640643,conservador
455730,62.4067237899664,31.166933252806835,6.426342957226766,conservador
683100,62.08992107308,30.419414051518455,7.490664875401544,conservador
306225,70.74617103356356,27.02456093725775,2.2292680291786935,conservador
539954,68.17167622673107,26.083346434443012,5.744977338825923,conservador
329398,65.07159264516923,29.298819706912916,5.629587647917852,conservador
180119,69.16272402038352,25.00572938084719,5.831546598769289,conservador
476164,60.987215940010806,35.769020802926825,3.2437632570623682,conservador
528488,65.14185787682275,30.439180953008993,4.418961170168251,conservador
663591,61.22930882115737,37.17612921591702,1.594561962925607,conservador
194723,67.76878208397285,26.741502235463376,5.489715680563774,conservador
544564,64.13719175613593,33.31547582163706,2.5473324222270093,conservador
554411,64.52908912796376,29.127589764416772,6.343321107619468,conservador
880681,70.16002668691704,26.534320467456205,3.3056528456267587,conservador
301458,69.07138526952302,28.314448401134285,2.6141663293426927,conservador
399518,72.45731641202588,22.963953329339862,4.578730258634262,conservador
458173,62.92499557468079,32.63162178717315,4.443382638146056,conservador
136655,64.3819643094503,27.282515478103907,8.335520212445797,conservador
218549,73.10177593280565,22.788841626684558,4.109382440509791,conservador
303722,60.89369518186004,32.99479684622188,6.111507971918078,conservador
862142,73.56746543937625,24.758360463662306,1.6741740969614436,conservador
404354,74.32351626183865,19.579387848888118,6.097095889273233,conservador
743588,72.11202253904278,22.015515205220733,5.872462255736482,conservador
687252,70.80513689188518,22.914252579658807,6.280610528456009,conservador
866663,62.13595104603645,32.880938026854906,4.983110927108643,conservador
507776,71.53046398735756,22.976167367690962,5.493368644951476,conservador
464681,70.94620316684967,25.107505032673558,3.94629180047677,conservador
104648,63.684430740859646,35.98902325771373,0.3265460014266186,conservador
463891,60.6497003768078,33.57194205048202,5.778357572710179,conservador
783866,60.345528642406265,35.301326741343516,4.35314461625022,conservador
141257,65.20865143102954,34.25210630859624,0.5392422603742222,conservador
189800,65.96923593252204,32.77339704953079,1.2573670179471677,conservador
263681,67.80520207857589,26.926542716479524,5.268255204944586,conservador
883460,67.73645010349425,26.184283405267422,6.079266491238329,conservador
581944,60.51886803857178,37.590449842674325,1.8906821187538931,conservador
131822,72.28604686605398,27.554543756829492,0.15940937711653003,conservador
482471,68.46684781039687,26.43426715628057,5.098885033322559,conservador
863601,69.9126933356559,23.505273277402242,6.5820333869418555,conservador
799294,69.66368333346553,26.579280881780704,3.7570357847537688,conservador
661208,68.16206586450268,24.184052148162493,7.653881987334828,conservador
455430,73.87541709406061,23.380323591692044,2.744259314247347,conservador
617605,69.776169858014,24.59282767466608,5.631002467319919,conservador
838130,68.58338065330176,23.760752500605676,7.655866846092563,conservador
334232,69.38046324754251,24.242835800814188,6.376700951643304,conservador
713300,73.78109902959858,24.72783495839575,1.4910660120056702,conservador
560038,62.66462442822576,28.24115285923604,9.094222712538205,conservador
840387,67.53538214650749,25.074670768728925,7.3899470847635875,conservador
459551,68.16876826772786,28.8722765494375,2.9589551828346425,conservador
191537,65.94447053541087,28.80102244972102,5.254507014868105,conservador
687254,67.343436169845,26.22779671518026,6.428767114974731,conservador
589334,64.02584637672271,27.137890871186947,8.836262752090342,conservador
334582,72.82237183397689,22.87806767255194,4.299560493471175,conservador
191069,64.231519636926,28.646215238591374,7.122265124482629,conservador
535657,64.03261333751935,35.217871741032745,0.7495149214479054,conservador
424047,65.12129767891108,32.39208554051868,2.486616780570246,conservador
762501,73.81340854048639,22.15010791059945,4.036483548914157,conservador
388110,72.13358527246787,26.977088697020886,0.8893260305112466,conservador
441217,62.69397960266446,29.44888230031564,7.857138097019898,conservador
336991,67.87058990118094,29.14009087998977,2.9893192188292943,conservador
270715,66.9932536234102,27.502637292435935,5.504109084153866,conservador
409167,69.13037998026203,26.626449779908924,4.24317023982904,conservador
102555,61.423271494078726,35.49348248342501,3.0832460224962617,conservador
466369,61.27372286899461,31.76784815419449,6.958428976810901,conservador
597961,65.48679916920587,26.458485459820317,8.054715370973817,conservador
746410,72.493522078575,25.505552482559242,2.0009254388657607,conservador
731847,62.06618716642551,35.16313386660716,2.7706789669673335,conservador
877591,60.47253143197214,31.387855215246802,8.139613352781053,conservador
461943,68.27708121691671,27.451051739832113,4.271867043251173,conservador
594543,69.76593537244237,29.327535298315777,0.9065293292418521,conservador
371518,61.42164186388875,31.015484009241437,7.562874126869812,conservador
217017,68.11853935836174,30.641483697076854,1.2399769445614033,conservador
710719,70.86733758246429,26.49147754296766,2.6411848745680517,conservador
880810,68.02675732159533,30.156622095837157,1.816620582567516,conservador
871564,70.50056753911852,29.29549932262479,0.20393313825669085,conservador
563797,65.18647101446582,31.950168443961825,2.8633605415723506,conservador
771440,68.44956860883185,30.715470464528767,0.8349609266393798,conservador
499519,74.27994463634687,19.80813969300479,5.911915670648343,conservador
242240,64.1931798942924,33.28179688325723,2.525023222450371,conservador
735796,73.53335333742369,26.365812652015503,0.10083401056080535,conservador
851232,71.04360493123363,25.96902940249329,2.9873656662730794,conservador
389985,64.59865523108688,27.60385291685215,7.797491852060969,conservador
859848,72.07056952036979,24.719732428950216,3.209698050679998,conservador
184942,69.24238578295079,24.315278454122158,6.44233576292705,conservador
706632,66.83328084384178,28.268134612794427,4.898584543363795,conservador
821883,60.90221321150946,35.16762666389902,3.9301601245915183,conservador
777879,63.01872883946476,29.39013271259775,7.591138447937492,conservador
714977,65.46558402521303,31.62950274140136,2.9049132333856074,conservador
764148,63.577249153551136,28.587823389228124,7.834927457220738,conservador
306597,60.01388391813203,33.25340158241191,6.7327144994560575,conservador
317699,62.33544589314563,31.836453072232562,5.828101034621806,conservador
183970,62.92177250808828,34.4209016338438,2.657325858067922,conservador
667536,71.3595261264102,23.07444611824659,5.5660277553432085,conservador
236183,61.81917468729578,31.96025792799084,6.2205673847133856,conservador
327558,67.46663597280954,31.062445408984516,1.470918618205942,conservador
362232,66.82485120121753,26.163592253373416,7.011556545409059,conservador
243218,67.26959493837062,26.467197572178048,6.263207489451334,conservador
172020,60.84993138016733,35.10711549542496,4.042953124407717,conservador
882337,61.10321289334729,38.53669104690437,0.3600960597483395,conservador
104175,65.35130272317747,26.88823019078697,7.760467086035563,conservador
378384,71.46595344263815,22.37535762641909,6.158688930942761,conservador
855952,62.45115901211355,32.5714264337102,4.977414554176249,conservador
650403,73.49619186450472,20.87279852131167,5.631009614183608,conservador
131882,66.91916444775265,28.416970701130786,4.663864851116563,conservador
469796,64.84094396384816,27.466003954440072,7.693052081711767,conservador
282195,72.10619876255758,26.21925828800885,1.6745429494335704,conservador
282516,62.6979265210704,33.89498392839052,3.4070895505390797,conservador
822764,72.7825646307497,26.82640837149119,0.3910269977591057,conservador
413298,73.62494899298571,20.145755681106365,6.229295325907925,conservador
381014,64.80083354800718,26.822202581109572,8.37696387088325,conservador
548261,74.5200354077324,24.067286380990435,1.4126782112771725,conservador
364129,62.600026004880654,36.01989428104842,1.3800797140709256,conservador
521185,67.49333443985174,25.1244925596566,7.382173000491664,conservador
399638,60.38976626400717,34.932960633605845,4.677273102386984,conservador
153350,74.45505728777597,20.44528682550986,5.0996558867141655,conservador
670793,74.89484727803433,20.955345266569477,4.149807455396189,conservador
471040,65.30962238918382,29.824604780652912,4.865772830163273,conservador
330704,73.8357323966567,25.859855128536168,0.30441247480713507,conservador
532618,71.624581161031,23.04793809300112,5.327480745967874,conservador
821050,64.4642212209509,31.61811173347433,3.917667045574767,conservador
312261,65.46512678223702,30.11586665311425,4.41900656464873,conservador
420961,69.57448666340082,27.728427660232274,2.6970856763669073,conservador
752338,73.69056999308157,25.10783391011944,1.2015960967989954,conservador
502522,61.02822822943503,37.286326826261195,1.6854449443037731,conservador
687056,68.29276667108316,26.468599197582343,5.238634131334501,conservador
136658,67.41096178321091,28.244528107268156,4.344510109520937,conservador
118154,61.27161593174739,35.37569934430346,3.352684723949147,conservador
883900,71.19590219207653,27.397008620725153,1.4070891871983158,conservador
507466,66.1896859606299,31.544314335739216,2.265999703630883,conservador
437667,63.86314552512493,33.1216904540337,3.0151640208413735,conservador
187753,73.19150431998554,25.54711484623229,1.261380833782168,conservador
191913,71.00670717927377,28.940858465391226,0.052434355335000064,conservador
760220,72.59603297061095,22.818512937198534,4.585454092190518,conservador
388881,63.80647849649868,30.940716651374505,5.252804852126818,conservador
687317,62.72827590722546,35.784935377956664,1.486788714817877,conservador
266128,67.09652609418536,30.678062979477406,2.2254109263372293,conservador
674055,60.92307169248578,33.10399169540304,5.972936612111181,conservador
624274,73.17131720864919,22.62573596447164,4.202946826879175,conservador
772866,73.9021215119462,25.208856032086192,0.8890224559676035,conservador
284307,74.03764101807211,21.236663828775473,4.7256951531524205,conservador
540229,63.93405838336754,35.613536363862394,0.4524052527700637,conservador
750635,67.0955378553547,31.610205263873894,1.2942568807713983,conservador
132107,61.42409801742845,35.797471847130595,2.7784301354409555,conservador
869788,61.21328032396995,31.720495364645174,7.066224311384878,conservador
871560,68.05051461234409,28.308572080811324,3.6409133068445887,conservador
227074,62.46678178906314,36.86127558767788,0.6719426232589807,conservador
744852,60.525425793540556,30.080114858172042,9.394459348287402,conservador
564997,71.27723682287922,21.592797310507844,7.129965866612937,conservador
724217,68.38057053246,26.154560918219442,5.46486854932056,conservador
558850,67.3402914714156,27.504220869435404,5.155487659149,conservador
266530,72.24748043941067,24.715003039810963,3.037516520778372,conservador
525184,65.3206084775456,33.42158871435185,1.2578028081025474,conservador
425428,67.32599539044728,28.320111916947756,4.353892692604968,conservador
878394,70.9126801206876,25.14751588307494,3.9398039962374605,conservador
779095,60.41291877970917,33.82895298746976,5.758128232821062,conservador
218655,60.839599936776615,36.97771310958071,2.182686953642674,conservador
773304,71.74033715541924,24.18537111795903,4.07429172662173,conservador
527528,64.38780374258752,32.45792631337308,3.1542699440393998,conservador
641776,61.76248134569537,31.56698490564046,6.6705337486641705,conservador
368242,66.75275738864266,25.08460490411764,8.162637707239698,conservador
868079,73.54684303830302,25.25964945837986,1.1935075033171159,conservador
612959,61.92056703496257,29.815044821718963,8.264388143318463,conservador
245808,68.46428287462726,31.073318845473313,0.46239827989942833,conservador
124835,66.1922256478493,27.84884459404477,5.958929758105931,conservador
725454,63.21440785181676,35.51635780216063,1.269234346022614,conservador
718364,70.24552573764264,27.978882415530904,1.7755918468264567,conservador
529887,74.83155789318518,19.96676118854033,5.201680918274492,conservador
690169,64.41457515539577,32.45275872630942,3.1326661182948112,conservador
221464,64.18138926489935,32.06863167950802,3.7499790555926253,conservador
380316,63.57981241546587,34.09757589289369,2.322611691640448,conservador
124292,73.71414183646507,24.819402597196923,1.4664555663380017,conservador
251997,69.22308086791149,23.21206240420457,7.56485672788394,conservador
308934,68.72293968017703,30.519519466616668,0.7575408532062965,conservador
297979,63.20586593090661,29.1481064386877,7.646027630405685,conservador
221246,62.75808470047723,30.12512069880265,7.116794600720123,conservador
781530,65.83216729357338,30.43023575082169,3.7375969556049333,conservador
519595,69.39446015398667,24.009604138091305,6.595935707922025,conservador
715560,64.35587463711774,34.604648411689645,1.0394769511926212,conservador
551102,71.74265920527033,27.421971289295193,0.8353695054344789,conservador
599575,65.94299510334858,28.5783310913791,5.478673805272323,conservador
375862,70.1637917562069,29.165227369346695,0.6709808744464,conservador
685160,74.45505253604021,21.60258431900993,3.942363144949856,conservador
294794,65.51328761948969,33.684202251611346,0.8025101288989669,conservador
725592,70.91721349724125,26.093867019021005,2.988919483737747,conservador
459306,68.46181472337256,29.96894782655051,1.5692374500769335,conservador
732441,73.09298999069804,26.662828182276954,0.2441818270250022,conservador
364030,72.63920531387568,26.343137100977334,1.0176575851469891,conservador
442425,72.26079191138248,26.630395884124162,1.108812204493354,conservador
726928,71.75855919770652,27.019427227728535,1.2220135745649476,conservador
405444,73.8070328108761,21.892447699039447,4.300519490084456,conservador
431169,67.92021610130081,27.568905284256566,4.510878614442626,conservador
786182,68.52555264084089,29.837822702527912,1.636624656631203,conservador
191979,63.624298446717006,30.304903897493002,6.070797655789991,conservador
848629,60.20182473659894,39.10509344547196,0.6930818179291062,conservador
445317,67.46429021281142,28.39947632646328,4.1362334607253,conservador
861627,65.16977429128056,30.822233397104135,4.007992311615303,conservador
461789,63.4716095823861,28.679302514804554,7.849087902809343,conservador
292041,71.22877140442658,26.277824109339168,2.4934044862342506,conservador
308027,61.36775770079535,29.593328545028157,9.038913754176491,conservador
479523,67.8541669030788,27.153092070378975,4.992741026542219,conservador
866727,72.72529966844864,25.28403191922235,1.9906684123290064,conservador
708244,60.153780671539714,33.85103389128787,5.995185437172414,conservador
574201,70.11549202132706,26.738890588120288,3.1456173905526543,conservador
431607,60.8337472944756,31.051063057011465,8.115189648512935,conservador
200325,67.4119258158727,32.42867136129738,0.1594028228299136,conservador
117792,65.62237489703958,27.165159408613658,7.212465694346767,conservador
621977,65.72027887487282,32.30479605745639,1.9749250676707861,conservador
643802,72.7678297464307,26.415098739795294,0.8170715137740014,conservador
555307,65.11733013200248,33.769285185660095,1.113384682337429,conservador
753370,68.25597189778246,24.385458011717386,7.358570090500156,conservador
665291,65.55774060625787,26.859690294711363,7.582569099030769,conservador
762712,62.12962500842584,35.67848244346532,2.1918925481088407,conservador
556561,65.57375011854894,32.311375808267165,2.114874073183891,conservador
406977,64.71950452592417,34.40412112990849,0.8763743441673479,conservador
576586,62.369014580135214,34.35128761047488,3.2796978093899085,conservador
616405,67.90842428697135,30.604155134082973,1.487420578945674,conservador
314380,63.87080072075193,28.313645203975817,7.815554075272252,conservador
157265,60.27419106172738,31.69025692914087,8.035552009131752,conservador
544627,68.82905859666916,25.151973297170837,6.018968106160005,conservador
336151,62.12162696311203,32.9051166538889,4.973256382999068,conservador
334661,72.44173113841694,22.440847558474623,5.1174213031084355,conservador
671438,67.80714493866643,25.58983261145074,6.603022449882838,conservador
820250,70.60496452095967,27.038869367929635,2.3561661111106966,conservador
469094,67.3790195130477,27.931735656212638,4.689244830739667,conservador
129406,64.18881993305598,31.46578001551023,4.3454000514337885,conservador
815350,66.94969779308762,30.752069110611604,2.2982330963007733,conservador
376297,30.156860308003136,34.728264352883855,35.11487533911301,moderado
417213,47.780036329064856,24.547769376087214,27.67219429484793,moderado
418887,48.31068710770091,23.599733213047962,28.08957967925113,moderado
704023,32.016168071084984,30.290360097439063,37.69347183147595,moderado
307887,39.84952843595465,25.422052599738297,34.72841896430705,moderado
107737,30.924918597663833,27.735688086849247,41.33939331548692,moderado
496525,30.88334877224139,30.581593851712054,38.53505737604656,moderado
211931,47.17221336185153,22.990568005086892,29.83721863306157,moderado
821317,30.262045167469523,33.33750550162664,36.40044933090384,moderado
511843,49.32600007680945,24.37963126953976,26.294368653650785,moderado
149124,30.60978067066472,28.305966222526134,41.08425310680914,moderado
128200,42.08345295053131,24.330330819431122,33.586216230037564,moderado
282715,49.428372571727174,21.312518761026492,29.259108667246334,moderado
303883,30.895624670301373,30.79343971407065,38.310935615627976,moderado
321572,35.775742420510646,27.793607808696038,36.43064977079331,moderado
131649,47.11354001568164,21.696618303257615,31.18984168106074,moderado
633223,39.009680556843776,30.347125389948854,30.64319405320737,moderado
652745,32.04417640721457,27.29074750891861,40.66507608386683,moderado
394568,35.89806089474277,30.995733050637394,33.10620605461983,moderado
318546,33.06952577560574,31.149605645557102,35.780868578837165,moderado
132376,33.449566318594826,33.24992697520574,33.30050670619943,moderado
122705,39.86216300118502,27.08135977758004,33.056477221234935,moderado
378146,49.07606518835564,24.452394169801178,26.47154064184318,moderado
142764,40.74345465932748,24.16682753943163,35.08971780124088,moderado
349430,31.28466166991424,33.067293813569606,35.64804451651615,moderado
806651,45.501328274859496,22.148395420020343,32.35027630512016,moderado
428365,44.12901614613336,23.293162162972248,32.57782169089439,moderado
315647,35.12255962485239,27.229901976746273,37.647538398401345,moderado
352550,47.21997042032636,22.159835920739003,30.62019365893463,moderado
528202,45.24323558264511,22.665820063078357,32.09094435427653,moderado
340153,45.24868126209789,23.187260918596735,31.564057819305376,moderado
363845,47.32183357825497,22.827460039698064,29.85070638204697,moderado
524341,40.19683901970815,28.504939837899197,31.298221142392652,moderado
247871,46.28401288376293,25.97194006065316,27.744047055583913,moderado
419738,47.165655558861175,21.31487332263347,31.519471118505354,moderado
600537,41.31430109658329,24.387100766566803,34.298598136849904,moderado
344475,39.36703173125166,28.284143959355685,32.348824309392654,moderado
493880,38.75043675444359,29.168864577342593,32.08069866821382,moderado
716166,42.441559801965944,27.461677026617128,30.096763171416928,moderado
269056,32.84000514924997,30.129328664181365,37.03066618656865,moderado
584522,32.69128986214062,27.569949400457034,39.738760737402345,moderado
614916,48.401403879570964,22.838252704516716,28.76034341591232,moderado
247521,41.87423021533489,23.265413048404433,34.86035673626068,moderado
835490,49.8152640347011,20.500362586028785,29.68437337927011,moderado
815052,47.85633324166165,21.316459842281496,30.82720691605685,moderado
179560,42.78255789912343,26.246534512950245,30.97090758792632,moderado
236539,48.6494520625553,24.728290071519304,26.6222578659254,moderado
381046,36.820618014094755,28.98610982567466,34.193272160230585,moderado
325173,49.60587462122236,21.23030568342813,29.16381969534951,moderado
207528,33.82598424230156,26.476890411084355,39.69712534661409,moderado
571643,45.40767480018492,27.231188922588895,27.361136277226183,moderado
274353,37.28378505984243,27.94188297820301,34.77433196195455,moderado
238824,41.78263803739015,28.74668579510289,29.47067616750696,moderado
774004,36.305133284476916,30.37442014072474,33.320446574798346,moderado
473703,49.0139363382226,23.120565570542976,27.86549809123443,moderado
758997,42.490885683592566,27.98520446650082,29.523909849906612,moderado
730550,40.583383850010236,28.674632324760537,30.741983825229227,moderado
389990,49.06047313853318,21.386633554589462,29.55289330687736,moderado
633629,44.73343651857121,24.74086336767693,30.52570011375186,moderado
392269,48.76008492240737,24.96819478542208,26.271720292170546,moderado
777701,34.65494911081641,28.99377943832356,36.35127145086004,moderado
360183,41.27021855027986,26.183657271405053,32.54612417831509,moderado
740349,46.85543160397307,23.532950552377812,29.611617843649125,moderado
192142,30.668982503004123,30.47287451087644,38.85814298611945,moderado
553596,47.52311571892196,25.168662029308383,27.30822225176966,moderado
725212,36.541400365621435,31.667146656322608,31.79145297805596,moderado
787919,49.40959025224302,23.23449999806739,27.35590974968959,moderado
226627,47.99702457717632,23.439653719027717,28.563321703795964,moderado
678654,49.753238292427085,24.885178186460713,25.361583521112205,moderado
577692,42.66165508604213,23.276249423260396,34.06209549069747,moderado
151181,42.79641076634925,23.94747141558515,33.256117818065604,moderado
264361,45.498046728825955,22.155635639138385,32.346317632035664,moderado
496318,46.418429552292935,24.060970137041323,29.520600310665742,moderado
338289,45.21280071192751,25.762479922410904,29.024719365661586,moderado
340267,33.398845643070175,30.919910626826198,35.681243730103624,moderado
130058,49.67071339453078,23.256863822898623,27.0724227825706,moderado
394029,39.7075603353054,28.11665278030479,32.17578688438981,moderado
274273,38.52056710615904,24.96297728746963,36.51645560637133,moderado
199640,42.814564515427904,25.990165006623265,31.195270477948828,moderado
533344,44.621436382052984,25.504999255853832,29.873564362093187,moderado
215689,47.7177385843778,22.63875498103624,29.643506434585962,moderado
214082,45.29377230140545,25.15019508720647,29.55603261138808,moderado
811534,31.173233556915005,33.46236622835538,35.36440021472961,moderado
666687,45.23650764094438,25.85739893466477,28.906093424390853,moderado
283293,45.9188191842577,24.71748965729797,29.36369115844433,moderado
452752,45.73997958504886,24.283712738589543,29.9763076763616,moderado
510121,40.41968420180016,23.876369184799422,35.70394661340042,moderado
596639,43.16204150062543,25.504686579545645,31.333271919828928,moderado
798953,49.079857931809144,21.863939452136723,29.056202616054133,moderado
447576,37.92174670978325,28.489402179030115,33.588851111186635,moderado
809755,37.00166288449122,28.438856567379116,34.55948054812967,moderado
842213,38.97757588115225,26.423718421075627,34.598705697772125,moderado
610582,32.336127159803254,31.7534486181034,35.91042422209335,moderado
762504,39.712139364421574,29.046574288610206,31.24128634696822,moderado
503638,35.256465797387726,26.96338864313497,37.7801455594773,moderado
736140,38.815618038254264,27.427603225416263,33.75677873632947,moderado
687436,35.705382461285126,26.5925096982952,37.70210784041967,moderado
665617,32.95146456219028,30.024403497224213,37.024131940585505,moderado
842783,48.65069928469313,22.52286199696937,28.826438718337496,moderado
219891,33.733402510743815,27.393758769395028,38.87283871986116,moderado
384329,31.66915103640174,32.691932039621044,35.63891692397721,moderado
891666,32.197251435017634,29.117002749110167,38.685745815872195,moderado
348764,48.3833193049117,22.035985960458962,29.58069473462934,moderado
533616,33.631764880218974,27.806439652848226,38.56179546693279,moderado
880651,44.37481819888204,23.962239400117962,31.662942401,moderado
447459,36.82387187484337,27.227143345376984,35.94898477977965,moderado
693584,34.570331922197,28.999712251313632,36.429955826489376,moderado
195964,41.95362380352114,27.156807193361622,30.88956900311724,moderado
471118,43.19556142828634,26.186850978912265,30.617587592801396,moderado
556616,32.664769682140594,31.454106171680124,35.88112414617929,moderado
666713,45.7580710740237,25.239324960291693,29.002603965684607,moderado
872464,49.039899128581496,20.409466997503156,30.55063387391535,moderado
346969,34.96491523619702,28.17575714134106,36.85932762246193,moderado
346427,43.035349871657,24.440192973065503,32.524457155277496,moderado
328396,38.03418711877135,28.05138221518699,33.91443066604167,moderado
896391,45.316459427425464,25.85783662270833,28.825703949866202,moderado
149935,40.973467361960836,25.34550889051046,33.681023747528705,moderado
334996,38.59831654421772,26.291089272537754,35.11059418324453,moderado
419850,38.049199649771005,25.78354925903549,36.167251091193506,moderado
310151,45.620637676799184,24.617745788942866,29.76161653425795,moderado
840722,45.877240145310374,24.790425166852817,29.332334687836806,moderado
759201,43.777287251422564,24.663937139822412,31.558775608755028,moderado
862545,46.07098521973526,25.510530145699036,28.4184846345657,moderado
740317,40.17611192305593,28.686185992073728,31.137702084870345,moderado
170651,45.05198639299847,27.231018045909643,27.716995561091885,moderado
190622,39.07105823300115,25.12751992709476,35.80142183990409,moderado
439053,34.32060532682361,32.660326425540866,33.01906824763552,moderado
438226,44.20057419188561,24.833039259259376,30.966386548855017,moderado
441877,40.81534027580343,27.906769770774098,31.277889953422473,moderado
272831,42.013072465690726,27.719579700028294,30.26734783428098,moderado
599823,43.01695556816018,23.639740398928485,33.34330403291134,moderado
801670,39.650441361818054,26.324510397606854,34.02504824057509,moderado
294663,39.5355585276079,25.094884776340425,35.369556696051674,moderado
845483,45.840170110749824,26.928029557449033,27.231800331801143,moderado
165083,44.439040987278354,24.911474481728202,30.649484530993444,moderado
330341,48.69867767971166,21.017656907865305,30.283665412423034,moderado
816668,35.7509766224723,30.67826806236848,33.57075531515921,moderado
530224,36.929302806815414,29.60384037064716,33.46685682253743,moderado
631233,30.73481252910287,28.24968611080328,41.01550136009385,moderado
651704,48.570383681544016,22.008084620176376,29.42153169827961,moderado
158197,46.94024649109443,23.492116572404875,29.567636936500698,moderado
817492,49.662622955946794,22.741617433277277,27.59575961077593,moderado
560727,48.4367855661538,21.472245707703085,30.090968726143114,moderado
674922,31.690278595574977,28.754995157567954,39.554726246857065,moderado
352862,41.6086952233006,25.05893766855766,33.332367108141746,moderado
314345,48.12780871357643,22.64043427768985,29.23175700873372,moderado
714795,37.96757422647749,28.09031107075654,33.94211470276597,moderado
391969,49.694369547878615,21.86408382361814,28.44154662850324,moderado
144698,37.55342192253839,26.451869411503488,35.99470866595812,moderado
888104,43.17983089287052,23.856382859358813,32.96378624777067,moderado
661005,34.2327181814033,31.609486663445445,34.157795155151256,moderado
776095,31.404847709300608,31.44959751552815,37.14555477517124,moderado
837652,32.586997553135774,29.55758163300604,37.85542081385819,moderado
194090,38.85830007236625,26.322514698576374,34.819185229057375,moderado
259295,46.30627239496594,23.944470895617478,29.74925670941658,moderado
356255,42.257296067655574,25.00976953424939,32.73293439809504,moderado
851594,44.61565697227961,24.83748024616164,30.546862781558755,moderado
339482,41.14783784362579,24.199027943620987,34.65313421275322,moderado
586290,39.11985578733713,25.750676603019883,35.129467609642994,moderado
527261,39.76947761074605,24.262789698472172,35.96773269078177,moderado
202407,48.86216323695169,24.884371826128778,26.253464936919535,moderado
344889,47.51002110210062,22.057391170931034,30.432587726968343,moderado
364292,30.8927102769442,33.460575440240525,35.64671428281528,moderado
599689,31.51686940149281,31.814747710926603,36.668382887580584,moderado
414142,48.76321849881809,22.267700130126457,28.969081371055452,moderado
725129,43.45225216520805,24.77835401674213,31.769393818049814,moderado
817561,39.6518075008726,28.783848076865112,31.564344422262288,moderado
306942,47.56293963515362,23.59124607571745,28.845814289128928,moderado
450643,32.486020619440225,32.64630431815005,34.867675062409724,moderado
257890,43.63475638098707,26.117256788255425,30.247986830757505,moderado
478852,32.39191530160189,27.70107771864606,39.90700697975203,moderado
675845,37.24433944536714,29.57975478462973,33.17590577000313,moderado
186660,44.78420378161651,23.813955850275537,31.40184036810795,moderado
261925,42.76082487895174,22.925234842168088,34.313940278880175,moderado
321599,37.396458391315505,27.57084635062464,35.03269525805985,moderado
655859,46.992328110286834,24.064691587952403,28.94298030176076,moderado
814283,40.59364766217512,28.77255998027589,30.633792357548987,moderado
486247,48.5457430376447,22.889753575087557,28.56450338726774,moderado
473434,35.22757815588655,31.977614478356312,32.79480736575714,moderado
309957,42.178578604111514,27.27480796844269,30.54661342744579,moderado
247164,41.56273757425556,26.83551951445874,31.601742911285704,moderado
357551,48.82148811917724,21.112451844987444,30.06606003583532,moderado
887652,38.09865494706337,25.139617176153816,36.76172787678281,moderado
118768,37.5412103025057,25.145027734409283,37.31376196308502,moderado
524845,34.36264247343917,26.573347617852445,39.064009908708385,moderado
889955,36.38671094450107,29.55025977359755,34.06302928190138,moderado
816225,31.792352485021322,29.8269612164263,38.38068629855238,moderado
256083,49.44753044393721,22.29002483321086,28.262444722851928,moderado
830714,46.644479897287965,21.859882338138124,31.495637764573907,moderado
654141,41.925454443615806,25.692913503500012,32.381632052884186,moderado
533519,41.83612904741519,25.278748953464916,32.88512199911989,moderado
795510,45.88971978334789,25.569006288405294,28.541273928246813,moderado
803145,32.09376603297923,28.32563727530716,39.580596691713616,moderado
424952,37.71968631982767,28.31347323688963,33.9668404432827,moderado
301225,32.56260117532739,32.818840938600815,34.618557886071805,moderado
310907,48.16262845829144,24.4365244784013,27.400847063307264,moderado
858013,43.98264491253742,25.454305883800092,30.56304920366249,moderado
659737,37.96969055175866,24.84377531121357,37.18653413702776,moderado
294583,45.31822952015073,24.28891031623496,30.392860163614312,moderado
565845,46.882174100037645,22.30564656308463,30.812179336877726,moderado
535282,34.90846119677271,32.286869515984925,32.804669287242355,moderado
449651,40.75962238789323,24.384216591673518,34.85616102043325,moderado
140031,31.550672562434244,33.29111922606065,35.158208211505105,moderado
132286,37.03785677749703,28.179703588482973,34.78243963402,moderado
774534,45.727147819181255,22.46153352612679,31.811318654691956,moderado
421672,48.41823273616221,21.45062597674723,30.13114128709056,moderado
659703,46.24735956526902,23.500549749508156,30.25209068522282,moderado
602265,34.50222192296751,29.656419317550494,35.841358759482,moderado
739103,39.6473777991403,24.188365420944276,36.164256779915426,moderado
781801,31.123361622322612,28.919703951038123,39.95693442663926,moderado
596930,32.19660130769646,31.912300231574243,35.8910984607293,moderado
598522,45.32446140312338,23.613748872967466,31.061789723909154,moderado
876004,32.77809920120941,32.97154499708683,34.250355801703755,moderado
634124,47.35360245444018,25.9127018791817,26.733695666378125,moderado
337558,31.995612626461586,27.72562544794844,40.278761925589976,moderado
306034,30.733446650137466,33.17203571732767,36.09451763253486,moderado
175627,44.38147707088179,27.504319161393422,28.114203767724785,moderado
729123,43.58514000557551,24.980463065507298,31.434396928917188,moderado
180732,47.99560464308037,21.651917764566022,30.35247759235361,moderado
267704,42.78515887473547,28.366733330703997,28.848107794560526,moderado
267482,40.5273814674934,25.6794988119291,33.7931197205775,moderado
652777,31.22285979640111,32.07328380004927,36.70385640354962,moderado
228353,33.5553592641551,27.4785631551773,38.966077580667594,moderado
210777,37.65719562055919,25.95063887711662,36.39216550232419,moderado
565625,49.23624228144692,21.453090711321373,29.310667007231707,moderado
868209,47.660273350532464,23.313763328401244,29.025963321066293,moderado
295818,37.89193192001952,29.1114528193581,32.99661526062238,moderado
849708,31.446301653558134,32.01678185368076,36.536916492761094,moderado
275905,38.96002258204214,28.58138124301768,32.458596174940176,moderado
172528,30.43964611635031,33.690036014798686,35.87031786885101,moderado
178255,47.857027836340265,21.904998193119535,30.2379739705402,moderado
100177,42.57435157780812,28.539810085757438,28.88583833643444,moderado
576821,46.057601808008634,22.074483059976334,31.86791513201503,moderado
586861,46.22952658125967,25.98501754014924,27.78545587859109,moderado
226266,35.685270797273056,30.975311894283198,33.33941730844374,moderado
846809,47.15481618766607,24.314148273455785,28.531035538878143,moderado
542321,35.967637205316954,30.26943029145136,33.76293250323169,moderado
246649,37.17111522069936,31.264366289772003,31.56451848952863,moderado
460285,40.275042425296625,26.433429018870108,33.29152855583327,moderado
684697,33.58356600164858,27.94200607366591,38.474427924685514,moderado
266903,40.51505788980915,27.087282188025267,32.39765992216559,moderado
678872,36.534809618891614,26.477021423556465,36.98816895755193,moderado
150808,32.441240110158304,31.050891564821423,36.507868325020276,moderado
414287,33.403036409052326,26.92477883846984,39.672184752477825,moderado
353340,47.34808053187446,25.76161712892802,26.89030233919752,moderado
842033,35.66944675042902,26.835360197774634,37.49519305179635,moderado
643595,37.44732959988306,28.95429533952118,33.59837506059576,moderado
107399,39.96723712500289,29.417887593173347,30.614875281823764,moderado
688821,38.48743626971223,30.3279350935151,31.184628636772672,moderado
848697,31.094281271876667,33.3915283075748,35.51419042054853,moderado
695589,32.07273806778137,29.831968594590588,38.09529333762804,moderado
501325,47.922745284785464,21.34649901223995,30.730755702974587,moderado
477979,30.27339073023233,29.85357019205231,39.873039077715354,moderado
731788,37.85102854243259,25.596262453904913,36.55270900366251,moderado
328445,47.09895552088782,25.06591885420532,27.83512562490686,moderado
325345,47.42896494279224,24.34544325767695,28.225591799530807,moderado
818573,37.5731519578831,26.52731336220636,35.89953467991054,moderado
669181,30.33988058027639,33.05630002924909,36.60381939047452,moderado
156237,33.56801381258048,26.936273226075215,39.49571296134429,moderado
414991,47.332497432189285,25.645435325267588,27.022067242543127,moderado
296028,32.7148194957734,27.037357120927634,40.247823383298964,moderado
511147,34.17674533718127,27.59516949322546,38.22808516959327,moderado
153336,33.53318607943065,32.52284786359793,33.94396605697142,moderado
378413,46.70321086451172,24.238869379802605,29.057919755685678,moderado
780229,45.634911502201,22.286228954239697,32.07885954355931,moderado
470191,38.59354681152652,29.63931716352704,31.76713602494644,moderado
397722,40.61428692504148,24.925245832916413,34.4604672420421,moderado
477656,42.24892204051645,27.14033420921504,30.61074375026851,moderado
664415,49.742533985565075,22.308159710661887,27.949306303773042,moderado
596731,37.04431223489921,30.81977546303992,32.135912302060866,moderado
635050,44.73483166752196,23.190813518536316,32.074354813941724,moderado
578338,35.49041910390965,27.411545691859413,37.098035204230925,moderado
315380,49.84696048502684,21.967680395339382,28.185359119633773,moderado
474794,45.42928367657215,26.218558956426897,28.352157367000956,moderado
848418,43.89953622823761,24.218295823925004,31.882167947837388,moderado
146169,45.766402336804106,24.936450812914114,29.297146850281784,moderado
595402,43.120915044540084,23.56899626599446,33.31008868946546,moderado
162050,31.760175751114424,28.050073017244568,40.18975123164102,moderado
631772,34.23727651423914,27.32638734540933,38.43633614035153,moderado
713158,43.97196846910589,25.10156288822015,30.926468642673957,moderado
551367,38.228963832310754,27.821700605988486,33.94933556170076,moderado
842238,33.505301107064355,32.161564320595495,34.33313457234015,moderado
895631,33.429009970295624,31.237286314739134,35.33370371496524,moderado
386996,33.41403328606893,31.168927467881854,35.41703924604922,moderado
708736,42.44583997558445,23.452200360759466,34.10195966365608,moderado
890696,43.12769084140119,26.31470919220525,30.55759996639356,moderado
284731,31.208831496490685,32.481165559819935,36.310002943689376,moderado
277163,46.14216981388053,21.860256014520534,31.99757417159894,moderado
653064,43.42278929730987,27.31033877686648,29.26687192582365,moderado
839318,47.86342665740696,25.73750929627277,26.39906404632027,moderado
670148,47.880139798608795,23.540153557513005,28.579706643878204,moderado
508993,32.67236501307255,27.93994877454412,39.38768621238332,moderado
284103,45.80453934849038,26.885230739403447,27.310229912106173,moderado
368528,46.1527579241622,21.62961571373553,32.21762636210227,moderado
570038,44.42852578407061,25.46496187639246,30.106512339536934,moderado
815106,33.404091946875184,31.716668834280952,34.879239218843864,moderado
381959,33.780648075523345,29.24654724608627,36.97280467839038,moderado
462089,30.45349279877022,33.90789718641288,35.63861001481691,moderado
821221,36.25837803776512,27.922763866529596,35.81885809570528,moderado
506959,35.95234066872462,28.002588733166043,36.04507059810934,moderado
703119,17.11231431448933,20.435094685172615,62.45259100033806,dinamico
176768,19.063824767626414,24.272484386900917,56.663690845472665,dinamico
171938,3.210418567769502,29.095937042427973,67.69364438980253,dinamico
150721,14.884253803422826,17.25967039766239,67.85607579891479,dinamico
661769,2.4189959394017913,35.93149197907361,61.64951208152459,dinamico
324902,14.42487930999513,32.959848394831766,52.6152722951731,dinamico
740290,16.691802560449688,24.073101647086737,59.235095792463575,dinamico
697993,19.537829343181624,29.373043923680445,51.089126733137924,dinamico
406509,18.7903031016905,19.102290643791797,62.107406254517706,dinamico
322663,19.786439567003807,19.939275404702286,60.2742850282939,dinamico
664983,18.445283652646303,27.585154120742857,53.96956222661083,dinamico
438156,18.377545930315243,25.0767090497543,56.54574501993045,dinamico
848522,18.32924143909774,32.65807348402815,49.01268507687411,dinamico
272356,13.489648299411478,22.802454408680617,63.70789729190791,dinamico
164549,15.950262008700463,30.84365940649511,53.20607858480443,dinamico
447295,7.202925520471042,19.013950793283847,73.78312368624512,dinamico
752246,13.095381307078323,23.16904813217185,63.73557056074982,dinamico
354739,5.023015571007141,30.263465575197287,64.71351885379558,dinamico
267193,7.126409616862315,27.39762411105619,65.4759662720815,dinamico
834671,16.265651266145,26.58110560692373,57.15324312693127,dinamico
468259,18.316864090280273,26.900867346304935,54.78226856341479,dinamico
645398,3.533800676097134,37.71093980278011,58.75525952112276,dinamico
363853,2.956917006108657,20.502536103562605,76.54054689032874,dinamico
893212,10.956874204021918,30.78748709910533,58.25563869687276,dinamico
544578,14.096461336489188,27.728629644029603,58.17490901948121,dinamico
221641,6.385196076347361,22.534309875534742,71.0804940481179,dinamico
592389,14.168497538658391,25.295523355362985,60.535979105978626,dinamico
681930,17.612915645552928,30.12893971266151,52.258144641785556,dinamico
731636,2.712869670672333,22.05350792143394,75.23362240789373,dinamico
350093,9.747871808022506,32.74667441313521,57.50545377884228,dinamico
314067,2.0967177741302523,24.99761478307225,72.9056674427975,dinamico
878075,7.604581520511822,33.78774608808015,58.60767239140802,dinamico
147107,6.820441380539899,20.28381796806995,72.89574065139014,dinamico
801832,13.876044838585289,34.06247183416398,52.061483327250734,dinamico
668074,19.857516323533645,21.643720270461355,58.498763406005004,dinamico
728984,6.807487680577724,21.158982121631624,72.03353019779065,dinamico
798521,3.622619073620408,37.24578018577399,59.131600740605606,dinamico
766759,2.788689974772227,27.210160363307352,70.00114966192042,dinamico
452512,7.322388964906037,36.63999225175593,56.03761878333803,dinamico
317983,4.172954811626535,31.56715616121625,64.25988902715721,dinamico
544156,11.772809436699593,33.47605283214824,54.75113773115216,dinamico
802635,2.2560601192263907,36.340964361284016,61.402975519489594,dinamico
663096,14.963012474832155,22.669025806271303,62.36796171889654,dinamico
432836,18.360915943590438,17.035010810950677,64.60407324545888,dinamico
586354,9.925486711166464,19.507984025135293,70.56652926369826,dinamico
588879,18.602749084804884,27.92541572252724,53.471835192667875,dinamico
113438,5.175348676071987,22.653404746857028,72.17124657707097,dinamico
534259,2.955946137244394,23.04617031856237,73.99788354419323,dinamico
884449,18.944203374783477,21.520535065906145,59.535261559310364,dinamico
470064,10.533270675956278,24.01742717556615,65.44930214847759,dinamico
771630,3.2478849473096094,35.39668379097281,61.35543126171758,dinamico
811466,16.37933822825773,20.15354087842125,63.46712089332103,dinamico
469371,11.618250794739016,33.446649927294466,54.93509927796652,dinamico
672321,10.821203315676618,26.47117727991863,62.70761940440476,dinamico
530373,1.1155507966073586,29.647879077303738,69.2365701260889,dinamico
218104,9.515266414317157,27.85023146989429,62.63450211578856,dinamico
803628,7.157984506421009,29.742772505760005,63.099242987819,dinamico
184039,9.269140366257327,21.197679163115687,69.53318047062697,dinamico
563558,11.710236530196696,34.61693450477308,53.67282896503022,dinamico
384781,14.73291226416288,25.726146020746903,59.54094171509021,dinamico
897572,18.988685052371803,28.31933379942198,52.69198114820621,dinamico
571702,1.1548681623944423,22.698901634610365,76.1462302029952,dinamico
567826,8.80556795532451,23.746550515423763,67.44788152925173,dinamico
842760,11.86084838516635,31.498106236615605,56.641045378218045,dinamico
238957,0.15308116221167456,28.300116180929766,71.54680265685856,dinamico
741493,1.1233180419609723,22.04859481762117,76.82808714041786,dinamico
289879,10.998957773430998,35.153323577289406,53.84771864927959,dinamico
153771,19.74387735732646,27.156177005651593,53.09994563702195,dinamico
422170,5.894543076985775,33.723863228568774,60.381593694445456,dinamico
657116,17.926266519420594,23.942235148394584,58.13149833218482,dinamico
327899,0.5593359439462042,34.64624994448271,64.79441411157109,dinamico
342357,12.723002611730205,31.313747010765912,55.963250377503876,dinamico
877475,14.060500623142783,24.228120960491502,61.71137841636571,dinamico
523868,15.274637143383812,30.829678044629468,53.89568481198672,dinamico
733461,2.548853203508199,27.39119582047286,70.05995097601894,dinamico
862402,0.3802583338860388,39.675286970148974,59.94445469596499,dinamico
233508,10.388129655084132,21.75453083685231,67.85733950806356,dinamico
892402,0.4705230574229846,21.753890697145966,77.77558624543106,dinamico
801243,18.55966798612675,21.03105793833627,60.40927407553698,dinamico
689328,4.435442828726314,31.157053152539333,64.40750401873436,dinamico
440916,6.773311589920025,30.11843224379323,63.10825616628674,dinamico
465073,16.36225312143551,20.352282423442766,63.28546445512172,dinamico
450093,2.8792718749862845,28.76340201974562,68.35732610526809,dinamico
703341,10.738244669477957,27.670733956703582,61.591021373818464,dinamico
709521,16.51367418516301,21.516750962956486,61.9695748518805,dinamico
183455,19.766531990799198,16.75851156633907,63.47495644286174,dinamico
671474,10.234185592894846,34.70240820541712,55.06340620168803,dinamico
546114,15.222540544166476,21.98173990504191,62.79571955079161,dinamico
115984,17.621228787164114,23.178865339892084,59.199905872943795,dinamico
587752,6.333256761285895,24.082109332084592,69.58463390662952,dinamico
837826,12.362923553217533,20.02419026642531,67.61288618035717,dinamico
564283,7.717523961976767,31.889225493281405,60.393250544741825,dinamico
777060,17.852772020915587,18.778564430999612,63.368663548084804,dinamico
413829,19.26094337100102,21.484000305691257,59.25505632330772,dinamico
866703,5.859091439109636,27.88298385395932,66.25792470693105,dinamico
202853,17.935735063016235,17.678231956106774,64.38603298087699,dinamico
698691,15.926894832462361,21.409129144478566,62.66397602305907,dinamico
533642,4.897112107553037,35.45956095775839,59.643326934688574,dinamico
733025,0.10417601754664219,20.700568045347488,79.19525593710586,dinamico
341169,6.996896587526322,23.640433953905056,69.36266945856863,dinamico
