CreditDebitIndicator,Limite_Credito,Renda_Mensal,accountID,amount,transactionID,transactionInformation,valueDateTime,Saldo_remanescente
Debit,100000,5000,711234511,"1756,48","1756,48",Agencia de Viagem,29/02/2020 06:00,1480
Debit,100000,5000,711234511,"1195,83",1.708.328.571,TED,28/02/2020 07:00,"3236,48"
Debit,100000,5000,711234511,"260,64",3.723.428.571,Servi혁os de Streaming,27/02/2020 16:00,"4432,31"
Debit,100000,5000,711234511,"499,98",7.142.571.429,Hospital,26/02/2020 07:00,"4692,95"
Debit,100000,5000,711234511,"539,21","77,03",DOC,26/02/2020 06:00,"5192,93"
Debit,100000,5000,711234511,"477,42",68,Operadora de Telefone,25/02/2020 04:00,"5732,14"
Debit,100000,5000,711234511,"96,07",1.372.428.571,Fatura,24/02/2020 10:00,"6209,56"
Debit,100000,5000,711234511,"138,56",1.979.428.571,Petshop,22/02/2020 23:00,"6305,63"
Debit,100000,5000,711234511,"329,61",4.708.714.286,Supermercado,22/02/2020 23:00,"6444,19"
Debit,100000,5000,711234511,"1239,19","619,595",Servi혁os de Streaming,22/02/2020 20:00,"6773,8"
Debit,100000,5000,711234511,"595,85",8.512.142.857,Petshop,22/02/2020 09:00,"8012,99"
Debit,100000,5000,711234511,"1114,64",1.592.342.857,Agencia de Viagem,20/02/2020 09:00,"8608,84"
Debit,100000,5000,711234511,"85,87","85,87",Petshop,20/02/2020 04:00,"9723,48"
Debit,100000,5000,711234511,"12,49","187,35",Agencia de Viagem,19/02/2020 01:00,"9809,35"
Debit,100000,5000,711234511,"30,91","30,91",Balada,18/02/2020 21:00,"9821,84"
Debit,100000,5000,711234511,"135,45","19,35",Balada,18/02/2020 10:00,"9852,75"
Debit,100000,5000,711234511,"544,42",7.777.428.571,Pagamento,15/02/2020 14:00,"9988,2"
Debit,100000,5000,711234511,"294,19","294,19",E-commerce,14/02/2020 07:00,"10532,62"
Debit,100000,5000,711234511,"483,89","483,89",Pagamento,13/02/2020 14:00,"10826,81"
Debit,100000,5000,711234511,"356,36","356,36",Transferencia,10/02/2020 19:00,"11310,7"
Debit,100000,5000,711234511,"1042,78",1.489.685.714,Fatura,09/02/2020 00:00,"11667,06"
Debit,100000,5000,711234511,"483,28","69,04",Servi혁os,06/02/2020 21:00,"12709,84"
Debit,100000,5000,711234511,"213,45","213,45",Pagamento,05/02/2020 17:00,"13193,12"
Debit,100000,5000,711234511,"734,17",1.048.814.286,DOC,05/02/2020 07:00,"13406,57"
Debit,100000,5000,711234511,"858,9",68,Operadora de Telefone,03/02/2020 07:00,"14140,74"
Debit,100000,5000,711234511,"1405,88",68,Operadora de Telefone,02/02/2020 07:00,"14999,64"
Debit,100000,5000,711234511,"103,88","103,88",E-commerce,01/02/2020 14:00,"16405,52"
Debit,100000,5000,711234511,"1112,88",1.589.828.571,Pagamento,01/02/2020 14:00,"16509,4"
Debit,100000,5000,711234511,"45,18","45,18",Servi혁os,31/01/2020 23:00,"17622,28"
Debit,100000,5000,711234511,"1071,54",1.530.771.429,Hospital,31/01/2020 18:00,"17667,46"
Debit,100000,5000,711234511,"340,08",4.858.285.714,Servi혁os de Streaming,31/01/2020 15:00,18739
Debit,100000,5000,711234511,"68,28","68,28",Fatura,30/01/2020 13:00,"19079,08"
Debit,100000,5000,711234511,"399,26",5.703.714.286,Petshop,30/01/2020 04:00,"19147,36"
Debit,100000,5000,711234511,"85,52",1.221.714.286,Pagamento,30/01/2020 03:00,"19546,62"
Debit,100000,5000,711234511,"75,11","10,73",Servi혁os,29/01/2020 20:00,"19632,14"
Debit,100000,5000,711234511,"1377,72",1.968.171.429,Servi혁os,28/01/2020 21:00,"19707,25"
Debit,100000,5000,711234511,"1545,27",2.207.528.571,Transferencia,28/01/2020 15:00,"21084,97"
Debit,100000,5000,711234511,"1361,43","194,49",Servi혁os,28/01/2020 08:00,"22630,24"
Debit,100000,5000,711234511,"39,09","39,09",Bar,27/01/2020 00:00,"23991,67"
Debit,100000,5000,711234511,"157,16",2.245.142.857,Boleto,26/01/2020 23:00,"24030,76"
Debit,100000,5000,711234511,"192,96",2.756.571.429,Curso,26/01/2020 06:00,"24187,92"
Debit,100000,5000,711234511,"268,19",3.831.285.714,Supermercado,25/01/2020 22:00,"24380,88"
Debit,100000,5000,711234511,"430,83",68,Operadora de Telefone,25/01/2020 07:00,"24649,07"
Debit,100000,5000,711234511,"52,89","52,89",TED,24/01/2020 21:00,"25079,9"
Debit,100000,5000,711234511,"224,63","32,09",Boleto,24/01/2020 17:00,"25132,79"
Debit,100000,5000,711234511,"80,51","80,51",Restaurante,24/01/2020 15:00,"25357,42"
Debit,100000,5000,711234511,"61,31",8.758.571.429,Balada,23/01/2020 20:00,"25437,93"
Debit,100000,5000,711234511,"1244,31",1.777.585.714,Pagamento,23/01/2020 09:00,"25499,24"
Debit,100000,5000,711234511,"384,41",5.491.571.429,Transferencia,22/01/2020 06:00,"26743,55"
Debit,100000,5000,711234511,"1537,74",2.196.771.429,DOC,22/01/2020 02:00,"27127,96"
Debit,100000,5000,711234511,"397,68",5.681.142.857,Restaurante,19/01/2020 07:00,"28665,7"
Debit,100000,5000,711234511,"966,9",1.381.285.714,E-commerce,18/01/2020 08:00,"29063,38"
Debit,100000,5000,711234511,"619,91",2000,Aluguel,17/01/2020 07:00,"30030,28"
Debit,100000,5000,711234511,"780,08","111,44",E-commerce,15/01/2020 23:00,"30650,19"
Debit,100000,5000,711234511,"385,99",2000,Aluguel,15/01/2020 19:00,"31430,27"
Debit,100000,5000,711234511,"1236,96",1.767.085.714,Curso,15/01/2020 09:00,"31816,26"
Debit,100000,5000,711234511,"1366,53",1.952.185.714,TED,14/01/2020 23:00,"33053,22"
Debit,100000,5000,711234511,"448,45",6.406.428.571,Servi혁os,14/01/2020 15:00,"34419,75"
Debit,100000,5000,711234511,"199,59","199,59",E-commerce,13/01/2020 14:00,"34868,2"
Debit,100000,5000,711234511,"254,56",3.636.571.429,Fatura,13/01/2020 07:00,"35067,79"
Debit,100000,5000,711234511,"578,39",68,Operadora de Telefone,13/01/2020 02:00,"35322,35"
Debit,100000,5000,711234511,"337,75","48,25",DOC,12/01/2020 07:00,"35900,74"
Debit,100000,5000,711234511,"654,88",153,Mensalidade Academia,12/01/2020 06:00,"36238,49"
Debit,100000,5000,711234511,"109,02",1.557.428.571,TED,11/01/2020 05:00,"36893,37"
Debit,100000,5000,711234511,"479,18",6.845.428.571,Transferencia,10/01/2020 22:00,"37002,39"
Debit,100000,5000,711234511,"59,31","59,31",Boleto,10/01/2020 09:00,"37481,57"
Debit,100000,5000,711234511,"473,09",6.758.428.571,Pagamento,07/01/2020 02:00,"37540,88"
Debit,100000,5000,711234511,"1546,43",2.209.185.714,Boleto,05/01/2020 19:00,"38013,97"
Debit,100000,5000,711234511,"479,67",6.852.428.571,Bar,05/01/2020 12:00,"39560,4"
Debit,100000,5000,711234511,"179,52",2000,Aluguel,04/01/2020 19:00,"40040,07"
Debit,100000,5000,711234511,"214,92",3.070.285.714,Bar,04/01/2020 01:00,"40219,59"
Debit,100000,5000,711234511,"422,67",6.038.142.857,Farmacia,03/01/2020 12:00,"40434,51"
Debit,100000,5000,711234511,"53,91","17,97",Restaurante,01/01/2020 18:00,"40857,18"
Debit,100000,5000,711234511,"481,37",6.876.714.286,Servi혁os,01/01/2020 16:00,"40911,09"
Debit,100000,5000,711234511,"23,05","23,05",Fatura,29/12/2019 01:00,"41392,46"
Debit,100000,5000,711234511,"1499,66",2000,Aluguel,28/12/2019 06:00,"41415,51"
Debit,100000,5000,711234511,"1107,48",1.582.114.286,Restaurante,28/12/2019 02:00,"42915,17"
Debit,100000,5000,711234511,"327,56",68,Operadora de Telefone,27/12/2019 03:00,"44022,65"
Debit,100000,5000,711234511,"207,92",2000,Aluguel,27/12/2019 02:00,"44350,21"
Debit,100000,5000,711234511,"1276,2",1.823.142.857,Transferencia,26/12/2019 13:00,"44558,13"
Debit,100000,5000,711234511,"193,87","193,87",E-commerce,25/12/2019 21:00,"45834,33"
Debit,100000,5000,711234511,"468,46",6.692.285.714,Pagamento,23/12/2019 20:00,"46028,2"
Debit,100000,5000,711234511,"980,82",1.401.171.429,Restaurante,22/12/2019 02:00,"46496,66"
Debit,100000,5000,711234511,"309,35",4.419.285.714,Servi혁os de Streaming,20/12/2019 08:00,"47477,48"
Debit,100000,5000,711234511,"990,86",1.415.514.286,Bar,19/12/2019 16:00,"47786,83"
Debit,100000,5000,711234511,"479,5","68,5",Curso,18/12/2019 16:00,"48777,69"
Credit,100000,5000,711234511,"1237,46","176,78",Transferencia,15/12/2019 08:00,"49257,19"
Debit,100000,5000,711234511,"484,98",6.928.285.714,Supermercado,15/12/2019 04:00,"50494,65"
Debit,100000,5000,711234511,"17,68",2.525.714.286,DOC,13/12/2019 18:00,"50979,63"
Debit,100000,5000,711234511,"253,54","253,54",E-commerce,12/12/2019 09:00,"50997,31"
Debit,100000,5000,711234511,"467,26",6.675.142.857,Restaurante,11/12/2019 20:00,"51250,85"
Debit,100000,5000,711234511,"282,5",153,Mensalidade Academia,10/12/2019 03:00,"51718,11"
Debit,100000,5000,711234511,"31,86","31,86",Farmacia,09/12/2019 21:00,"52000,61"
Debit,100000,5000,711234511,"181,94",2.599.142.857,Transferencia,09/12/2019 15:00,"52032,47"
Debit,100000,5000,711234511,"1389,29","694,645",Servi혁os de Streaming,08/12/2019 18:00,"52214,41"
Debit,100000,5000,711234511,"212,6",3.037.142.857,TED,07/12/2019 16:00,"53603,7"
Debit,100000,5000,711234511,"30,59",153,Mensalidade Academia,07/12/2019 09:00,"53816,3"
Debit,100000,5000,711234511,"199,59",2.851.285.714,Boleto,06/12/2019 05:00,"53846,89"
Debit,100000,5000,711234511,"173,51","173,51",Agencia de Viagem,06/12/2019 00:00,"54046,48"
Debit,100000,5000,711234511,"354,36",5.062.285.714,Petshop,03/12/2019 15:00,"54219,99"
Debit,100000,5000,711234511,"1277,9",1.825.571.429,Supermercado,03/12/2019 02:00,"54574,35"
Debit,100000,5000,711234511,"420,99",6.014.142.857,Servi혁os,02/12/2019 13:00,"55852,25"
Debit,100000,5000,711234511,"245,43","245,43",Agencia de Viagem,30/11/2019 13:00,"56273,24"
Debit,100000,5000,711234511,"795,53",68,Operadora de Telefone,29/11/2019 14:00,"56518,67"
Debit,100000,5000,711234511,"1151,69",1.645.271.429,Bar,29/11/2019 10:00,"57314,2"
Debit,100000,5000,711234511,"275,9",68,Operadora de Telefone,28/11/2019 15:00,"58465,89"
Debit,100000,5000,711234511,"1372,43","1372,43",Agencia de Viagem,27/11/2019 07:00,"58741,79"
Debit,100000,5000,711234511,"1204,22",1.720.314.286,Agencia de Viagem,27/11/2019 04:00,"60114,22"
Debit,100000,5000,711234511,"282,28",4.032.571.429,Petshop,25/11/2019 19:00,"61318,44"
Debit,100000,5000,711234511,"1030,78",1.472.542.857,Agencia de Viagem,25/11/2019 15:00,"61600,72"
Debit,100000,5000,711234511,"1004,32",68,Operadora de Telefone,24/11/2019 17:00,"62631,5"
Debit,100000,5000,711234511,"1016,15",1.451.642.857,Pagamento,22/11/2019 22:00,"63635,82"
Debit,100000,5000,711234511,"199,45",2.849.285.714,DOC,22/11/2019 18:00,"64651,97"
Debit,100000,5000,711234511,"1926,88",2.752.685.714,Fatura,22/11/2019 12:00,"64851,42"
Debit,100000,5000,711234511,"176,12","25,16",Petshop,20/11/2019 13:00,"66778,3"
Debit,100000,5000,711234511,"181,77",2.596.714.286,DOC,18/11/2019 23:00,"66954,42"
Debit,100000,5000,711234511,"253,58",3.622.571.429,Balada,18/11/2019 06:00,"67136,19"
Debit,100000,5000,711234511,"1435,42","205,06",Supermercado,17/11/2019 02:00,"67389,77"
Debit,100000,5000,711234511,"912,17","130,31",Farmacia,13/11/2019 00:00,"68825,19"
Debit,100000,5000,711234511,"81,12",1.158.857.143,Servi혁os,12/11/2019 09:00,"69737,36"
Debit,100000,5000,711234511,"485,47",68,Operadora de Telefone,10/11/2019 23:00,"69818,48"
Debit,100000,5000,711234511,"654,67",9.352.428.571,Pagamento,10/11/2019 20:00,"70303,95"
Debit,100000,5000,711234511,"1718,32",2.454.742.857,Boleto,09/11/2019 16:00,"70958,62"
Debit,100000,5000,711234511,"741,75",1.059.642.857,Agencia de Viagem,07/11/2019 07:00,"72676,94"
Debit,100000,5000,711234511,"1917,41",2.739.157.143,Supermercado,06/11/2019 13:00,"73418,69"
Debit,100000,5000,711234511,"1071,99",153,Mensalidade Academia,05/11/2019 12:00,"75336,1"
Debit,100000,5000,711234511,"25,17","25,17",Transferencia,04/11/2019 16:00,"76408,09"
Debit,100000,5000,711234511,"39,23","39,23",Petshop,03/11/2019 21:00,"76433,26"
Debit,100000,5000,711234511,"288,09","288,09",TED,02/11/2019 23:00,"76472,49"
Debit,100000,5000,711234511,"484,75","69,25",Restaurante,01/11/2019 19:00,"76760,58"
Debit,100000,5000,711234511,"133,24",1.903.428.571,Supermercado,01/11/2019 18:00,"77245,33"
Debit,100000,5000,711234511,"210,77","30,11",DOC,01/11/2019 15:00,"77378,57"
Debit,100000,5000,711234511,"160,93","22,99",Supermercado,01/11/2019 06:00,"77589,34"
Debit,100000,5000,711234511,"1063,29",68,Operadora de Telefone,01/11/2019 02:00,"77750,27"
Debit,100000,5000,711234511,"73,83",1.054.714.286,Servi혁os,31/10/2019 20:00,"78813,56"
Debit,100000,5000,711234511,"96,02",1.371.714.286,Curso,31/10/2019 16:00,"78887,39"
Debit,100000,5000,711234511,"99,07",153,Mensalidade Academia,31/10/2019 03:00,"78983,41"
Debit,100000,5000,711234511,"61,15","305,75",Agencia de Viagem,28/10/2019 20:00,"79082,48"
Debit,100000,5000,711234511,"191,78",2.739.714.286,Fatura,27/10/2019 07:00,"79143,63"
Debit,100000,5000,711234511,"260,36",3.719.428.571,Servi혁os de Streaming,26/10/2019 09:00,"79335,41"
Debit,100000,5000,711234511,"376,85",5.383.571.429,E-commerce,24/10/2019 17:00,"79595,77"
Debit,100000,5000,711234511,"479,9",6.855.714.286,E-commerce,23/10/2019 15:00,"79972,62"
Debit,100000,5000,711234511,"87,15","12,45",Petshop,22/10/2019 07:00,"80452,52"
Debit,100000,5000,711234511,"908,22",1.297.457.143,Servi혁os,21/10/2019 11:00,"80539,67"
Debit,100000,5000,711234511,"419,82",5.997.428.571,Fatura,20/10/2019 22:00,"81447,89"
Debit,100000,5000,711234511,"99,84",2000,Aluguel,20/10/2019 07:00,"81867,71"
Debit,100000,5000,711234511,"682,11",9.744.428.571,Bar,17/10/2019 17:00,"81967,55"
Debit,100000,5000,711234511,"449,54",68,Operadora de Telefone,17/10/2019 11:00,"82649,66"
Debit,100000,5000,711234511,"42,52",68,Operadora de Telefone,17/10/2019 06:00,"83099,2"
Debit,100000,5000,711234511,"273,35","39,05",Restaurante,16/10/2019 17:00,"83141,72"
Debit,100000,5000,711234511,"375,4",5.362.857.143,Petshop,16/10/2019 16:00,"83415,07"
Debit,100000,5000,711234511,"491,2",7.017.142.857,Bar,16/10/2019 03:00,"83790,47"
Debit,100000,5000,711234511,"373,61","373,61",Agencia de Viagem,15/10/2019 06:00,"84281,67"
Debit,100000,5000,711234511,"90,47","90,47",Agencia de Viagem,11/10/2019 18:00,"84655,28"
Debit,100000,5000,711234511,"664,29",9.489.857.143,Supermercado,11/10/2019 06:00,"84745,75"
Debit,100000,5000,711234511,"405,87",5.798.142.857,Petshop,08/10/2019 10:00,"85410,04"
Debit,100000,5000,711234511,"131,76",1.882.285.714,Curso,08/10/2019 02:00,"85815,91"
Debit,100000,5000,711234511,"1109,78",68,Operadora de Telefone,07/10/2019 22:00,"85947,67"
Debit,100000,5000,711234511,"1372,42","196,06",Servi혁os de Streaming,07/10/2019 15:00,"87057,45"
Debit,100000,5000,711234511,"504,14","72,02",Supermercado,06/10/2019 23:00,"88429,87"
Debit,100000,5000,711234511,"56,61",153,Mensalidade Academia,06/10/2019 22:00,"88934,01"
Debit,100000,5000,711234511,"376,91",5.384.428.571,Fatura,06/10/2019 13:00,"88990,62"
Debit,100000,5000,711234511,"90,75",1.296.428.571,Servi혁os,05/10/2019 18:00,"89367,53"
Debit,100000,5000,711234511,"469,6",2000,Aluguel,01/10/2019 12:00,"89458,28"
Debit,100000,5000,711234511,"200,01",2.857.285.714,Curso,30/09/2019 04:00,"89927,88"
Debit,100000,5000,711234511,1448,2.068.571.429,Hospital,29/09/2019 22:00,"90127,89"
Debit,100000,5000,711234511,"267,81","267,81",Agencia de Viagem,29/09/2019 21:00,"91575,89"
Debit,100000,5000,711234511,"52,16",7.451.428.571,Farmacia,29/09/2019 14:00,"91843,7"
Debit,100000,5000,711234511,"366,92",2000,Aluguel,28/09/2019 08:00,"91895,86"
Debit,100000,5000,711234511,"444,32",153,Mensalidade Academia,27/09/2019 19:00,"92262,78"
Debit,100000,5000,711234511,"193,94",2.770.571.429,Fatura,27/09/2019 11:00,"92707,1"
Debit,100000,5000,711234511,"1193,55",1.705.071.429,Pagamento,26/09/2019 22:00,"92901,04"
Debit,100000,5000,711234511,"1612,77",153,Mensalidade Academia,25/09/2019 15:00,"94094,59"
Debit,100000,5000,711234511,"418,19",68,Operadora de Telefone,25/09/2019 06:00,"95707,36"
Debit,100000,5000,711234511,"234,19",3.345.571.429,Farmacia,24/09/2019 14:00,"96125,55"
Debit,100000,5000,711234511,"1478,58",2.112.257.143,Servi혁os de Streaming,24/09/2019 00:00,"96359,74"
Debit,100000,5000,711234511,"227,89",3.255.571.429,DOC,23/09/2019 20:00,"97838,32"
Debit,100000,5000,711234511,"383,03",5.471.857.143,E-commerce,22/09/2019 11:00,"98066,21"
Debit,100000,5000,711234511,"1050,64",1.500.914.286,Fatura,22/09/2019 06:00,"98449,24"
Debit,100000,5000,711234511,"1043,95",1.491.357.143,Supermercado,20/09/2019 18:00,"99499,88"
Debit,100000,5000,711234511,"367,67","367,67",Agencia de Viagem,18/09/2019 13:00,"100543,83"
Debit,100000,5000,711234511,"1038,58",1.483.685.714,Petshop,18/09/2019 09:00,"100911,5"
Debit,100000,5000,711234511,"834,32",2000,Aluguel,17/09/2019 08:00,"101950,08"
Debit,100000,5000,711234511,"1750,58",2.500.828.571,Pagamento,16/09/2019 08:00,"102784,4"
Debit,100000,5000,711234511,"499,45","499,45",Agencia de Viagem,15/09/2019 01:00,"104534,98"
Debit,100000,5000,711234511,"448,66",6.409.428.571,Agencia de Viagem,14/09/2019 22:00,"105034,43"
Debit,100000,5000,711234511,"37,89","37,89",Servi혁os,14/09/2019 05:00,"105483,09"
Debit,100000,5000,711234511,"966,98","138,14",Bar,13/09/2019 10:00,"105520,98"
Debit,100000,5000,711234511,"230,31",3.290.142.857,Servi혁os de Streaming,12/09/2019 18:00,"106487,96"
Debit,100000,5000,711234511,"1204,73",1.721.042.857,Farmacia,11/09/2019 14:00,"106718,27"
Debit,100000,5000,711234511,"792,96","113,28",E-commerce,09/09/2019 15:00,107923
Debit,100000,5000,711234511,"498,19","71,17",Servi혁os de Streaming,08/09/2019 19:00,"108715,96"
Debit,100000,5000,711234511,"1746,83",2.495.471.429,Curso,07/09/2019 22:00,"109214,15"
Debit,100000,5000,711234511,"279,48",3.992.571.429,DOC,07/09/2019 20:00,"110960,98"
Debit,100000,5000,711234511,"367,19",5.245.571.429,Servi혁os,07/09/2019 15:00,"111240,46"
Debit,100000,5000,711234511,"1593,34","227,62",Transferencia,07/09/2019 10:00,"111607,65"
Debit,100000,5000,711234511,"997,72",1.425.314.286,DOC,06/09/2019 21:00,"113200,99"
Debit,100000,5000,711234511,"13,09",153,Mensalidade Academia,05/09/2019 17:00,"114198,71"
Debit,100000,5000,711234511,"1051,83",1.502.614.286,DOC,05/09/2019 15:00,"114211,8"
Debit,100000,5000,711234511,"1325,84",1.894.057.143,Hospital,04/09/2019 12:00,"115263,63"
Debit,100000,5000,711234511,"128,25",1.832.142.857,Supermercado,03/09/2019 18:00,"116589,47"
Debit,100000,5000,711234511,"899,64","128,52",TED,02/09/2019 10:00,"116717,72"
Debit,100000,5000,711234511,"134,74",1.924.857.143,Petshop,02/09/2019 05:00,"117617,36"
Debit,100000,5000,711234511,"252,21","36,03",Pagamento,01/09/2019 11:00,"117752,1"
Debit,100000,5000,711234511,"72,47",1.035.285.714,Petshop,30/08/2019 11:00,"118004,31"
Debit,100000,5000,711234511,"1290,54",1.843.628.571,Transferencia,30/08/2019 04:00,"118076,78"
Debit,100000,5000,711234511,"815,37",68,Operadora de Telefone,28/08/2019 22:00,"119367,32"
Debit,100000,5000,711234511,"488,77",6.982.428.571,E-commerce,28/08/2019 14:00,"120182,69"
Debit,100000,5000,711234511,"140,32",2.004.571.429,Restaurante,26/08/2019 13:00,"120671,46"
Debit,100000,5000,711234511,"28,69",4.098.571.429,DOC,26/08/2019 08:00,"120811,78"
Debit,100000,5000,711234511,"378,84",2000,Aluguel,26/08/2019 03:00,"120840,47"
Debit,100000,5000,711234511,"66,69",9.527.142.857,Pagamento,25/08/2019 21:00,"121219,31"
Debit,100000,5000,711234511,"41,23","41,23",Fatura,20/08/2019 12:00,121286
Debit,100000,5000,711234511,"174,82",2.497.428.571,Balada,19/08/2019 21:00,"121327,23"
Debit,100000,5000,711234511,"465,25",6.646.428.571,Restaurante,19/08/2019 03:00,"121502,05"
Debit,100000,5000,711234511,"25,47",3.638.571.429,DOC,19/08/2019 01:00,"121967,3"
Debit,100000,5000,711234511,"351,27",5.018.142.857,Curso,14/08/2019 20:00,"121992,77"
Debit,100000,5000,711234511,"109,6",1.565.714.286,Restaurante,13/08/2019 18:00,"122344,04"
Debit,100000,5000,711234511,"325,58",4.651.142.857,Boleto,13/08/2019 15:00,"122453,64"
Debit,100000,5000,711234511,"435,16",6.216.571.429,Bar,13/08/2019 10:00,"122779,22"
Debit,100000,5000,711234511,"1392,4",1.989.142.857,Agencia de Viagem,13/08/2019 04:00,"123214,38"
Debit,100000,5000,711234511,"371,65",5.309.285.714,Supermercado,11/08/2019 07:00,"124606,78"
Debit,100000,5000,711234511,"183,54","26,22",Petshop,10/08/2019 05:00,"124978,43"
Debit,100000,5000,711234511,"653,64",9.337.714.286,Bar,08/08/2019 12:00,"125161,97"
Debit,100000,5000,711234511,"466,2","66,6",Petshop,04/08/2019 17:00,"125815,61"
Debit,100000,5000,711234511,"80,89",1.155.571.429,Bar,04/08/2019 16:00,"126281,81"
Debit,100000,5000,711234511,"10,08","100,8",Curso,04/08/2019 11:00,"126362,7"
Debit,100000,5000,711234511,"880,55",1.257.928.571,Hospital,04/08/2019 02:00,"126372,78"
Debit,100000,5000,711234511,"222,57",3.179.571.429,Boleto,03/08/2019 21:00,"127253,33"
Debit,100000,5000,711234511,"138,57",1.979.571.429,Petshop,03/08/2019 04:00,"127475,9"
Debit,100000,5000,711234511,"497,36",7.105.142.857,Fatura,02/08/2019 08:00,"127614,47"
Debit,100000,5000,711234511,"464,56",6.636.571.429,DOC,02/08/2019 01:00,"128111,83"
Debit,100000,5000,711234511,"1405,21",2.007.442.857,Bar,31/07/2019 15:00,"128576,39"
Debit,100000,5000,711234511,"356,46",5.092.285.714,Bar,31/07/2019 12:00,"129981,6"
Debit,100000,5000,711234511,"199,35",2.847.857.143,Curso,30/07/2019 11:00,"130338,06"
Debit,100000,5000,711234511,"383,65",5.480.714.286,Bar,28/07/2019 20:00,"130537,41"
Credit,100000,5000,711234511,"510,62",7.294.571.429,Boleto,27/07/2019 03:00,"130921,06"
Debit,100000,5000,711234511,"823,28",68,Operadora de Telefone,25/07/2019 15:00,"131431,68"
Debit,100000,5000,711234511,"1895,57",2.707.957.143,Farmacia,24/07/2019 09:00,"132254,96"
Debit,100000,5000,711234511,"550,81",7.868.714.286,Curso,23/07/2019 23:00,"134150,53"
Debit,100000,5000,711234511,"229,97",3.285.285.714,Pagamento,23/07/2019 19:00,"134701,34"
Debit,100000,5000,711234511,"1249,81",2000,Aluguel,20/07/2019 03:00,"134931,31"
Debit,100000,5000,711234511,"1006,09",68,Operadora de Telefone,19/07/2019 16:00,"136181,12"
Debit,100000,5000,711234511,"27,53",3.932.857.143,Fatura,19/07/2019 10:00,"137187,21"
Debit,100000,5000,711234511,"54,68",7.811.428.571,Transferencia,18/07/2019 10:00,"137214,74"
Debit,100000,5000,711234511,"269,25",3.846.428.571,Balada,16/07/2019 18:00,"137269,42"
Debit,100000,5000,711234511,"489,36",6.990.857.143,Hospital,16/07/2019 18:00,"137538,67"
Debit,100000,5000,711234511,"840,07","120,01",Boleto,16/07/2019 15:00,"138028,03"
Debit,100000,5000,711234511,"1269,49",1.813.557.143,Supermercado,14/07/2019 15:00,"138868,1"
Debit,100000,5000,711234511,"62,11",8.872.857.143,DOC,14/07/2019 06:00,"140137,59"
Debit,100000,5000,711234511,"343,91","49,13",Curso,13/07/2019 10:00,"140199,7"
Debit,100000,5000,711234511,"810,33",1.157.614.286,Servi혁os,08/07/2019 19:00,"140543,61"
Debit,100000,5000,711234511,"971,26",1.387.514.286,Boleto,08/07/2019 15:00,"141353,94"
Debit,100000,5000,711234511,"1921,53",2.745.042.857,Bar,08/07/2019 04:00,"142325,2"
Debit,100000,5000,711234511,"173,58",68,Operadora de Telefone,06/07/2019 20:00,"144246,73"
Debit,100000,5000,711234511,267,3.814.285.714,Pagamento,05/07/2019 23:00,"144420,31"
Debit,100000,5000,711234511,"751,52","107,36",Restaurante,04/07/2019 03:00,"144687,31"
Debit,100000,5000,711234511,"304,78","43,54",Servi혁os,03/07/2019 13:00,"145438,83"
Debit,100000,5000,711234511,"223,78",3.196.857.143,Pagamento,02/07/2019 16:00,"145743,61"
Debit,100000,5000,711234511,"272,87",3.898.142.857,Restaurante,02/07/2019 11:00,"145967,39"
Debit,100000,5000,711234511,"1404,76","200,68",Supermercado,02/07/2019 09:00,"146240,26"
Debit,100000,5000,711234511,"476,44",6.806.285.714,Transferencia,02/07/2019 07:00,"147645,02"
Debit,100000,5000,711234511,"1427,2",2.038.857.143,Supermercado,02/07/2019 03:00,"148121,46"
Debit,100000,5000,711234511,"1825,81",153,Mensalidade Academia,01/07/2019 21:00,"149548,66"
Debit,100000,5000,711234511,"610,98",8.728.285.714,Boleto,01/07/2019 02:00,"151374,47"
Debit,100000,5000,711234511,"10,96","54,8",Curso,30/06/2019 10:00,"151985,45"
Debit,100000,5000,711234511,"1200,18",1.714.542.857,Balada,30/06/2019 07:00,"151996,41"
Debit,100000,5000,711234511,"60,01",8.572.857.143,Pagamento,29/06/2019 23:00,"153196,59"
Debit,100000,5000,711234511,"127,59",1.822.714.286,Balada,29/06/2019 19:00,"153256,6"
Debit,100000,5000,711234511,"1908,69","272,67",Fatura,27/06/2019 07:00,"153384,19"
Debit,100000,5000,711234511,"406,07",68,Operadora de Telefone,26/06/2019 06:00,"155292,88"
Debit,100000,5000,711234511,"12,43","62,15",Curso,25/06/2019 21:00,"155698,95"
Debit,100000,5000,711234511,"7,85","117,75",E-commerce,25/06/2019 10:00,"155711,38"
Debit,100000,5000,711234511,"506,18",7.231.142.857,Restaurante,25/06/2019 04:00,"155719,23"
Debit,100000,5000,711234511,"123,4",1.762.857.143,Hospital,25/06/2019 03:00,"156225,41"
Debit,100000,5000,711234511,"601,11",68,Operadora de Telefone,24/06/2019 21:00,"156348,81"
Debit,100000,5000,711234511,"796,1",1.137.285.714,Transferencia,24/06/2019 20:00,"156949,92"
Debit,100000,5000,711234511,"772,56",1.103.657.143,Pagamento,24/06/2019 18:00,"157746,02"
Debit,100000,5000,711234511,"1418,97",153,Mensalidade Academia,23/06/2019 11:00,"158518,58"
Debit,100000,5000,711234511,"437,29","62,47",Farmacia,23/06/2019 03:00,"159937,55"
Debit,100000,5000,711234511,"793,88",1.134.114.286,DOC,22/06/2019 15:00,"160374,84"
Debit,100000,5000,711234511,"1438,67",2.055.242.857,Supermercado,22/06/2019 01:00,"161168,72"
Debit,100000,5000,711234511,"135,04","135,04",Agencia de Viagem,20/06/2019 10:00,"162607,39"
Debit,100000,5000,711234511,"373,82",5.340.285.714,Fatura,19/06/2019 18:00,"162742,43"
Debit,100000,5000,711234511,"616,09",8.801.285.714,Supermercado,18/06/2019 02:00,"163116,25"
Debit,100000,5000,711234511,"590,82",8.440.285.714,Servi혁os,17/06/2019 23:00,"163732,34"
Debit,100000,5000,711234511,"337,73",68,Operadora de Telefone,16/06/2019 23:00,"164323,16"
Debit,100000,5000,711234511,"1043,42","149,06",Fatura,16/06/2019 11:00,"164660,89"
Debit,100000,5000,711234511,"492,17","70,31",Balada,16/06/2019 04:00,"165704,31"
Debit,100000,5000,711234511,"638,8",9.125.714.286,Bar,15/06/2019 08:00,"166196,48"
Debit,100000,5000,711234511,"240,37",3.433.857.143,Agencia de Viagem,14/06/2019 16:00,"166835,28"
Debit,100000,5000,711234511,"135,31",68,Operadora de Telefone,13/06/2019 05:00,"167075,65"
Debit,100000,5000,711234511,"25,7","25,7",Servi혁os de Streaming,12/06/2019 21:00,"167210,96"
Debit,100000,5000,711234511,"143,32",2.047.428.571,Fatura,12/06/2019 19:00,"167236,66"
Debit,100000,5000,711234511,"222,11","31,73",Hospital,10/06/2019 18:00,"167379,98"
Debit,100000,5000,711234511,"57,59",8.227.142.857,Hospital,10/06/2019 10:00,"167602,09"
Debit,100000,5000,711234511,"248,54",3.550.571.429,Boleto,10/06/2019 03:00,"167659,68"
Debit,100000,5000,711234511,"574,22",8.203.142.857,Boleto,10/06/2019 02:00,"167908,22"
Debit,100000,5000,711234511,"414,17",5.916.714.286,DOC,09/06/2019 08:00,"168482,44"
Debit,100000,5000,711234511,"344,45",4.920.714.286,Supermercado,06/06/2019 03:00,"168896,61"
Debit,100000,5000,711234511,"280,62",4.008.857.143,Servi혁os,05/06/2019 13:00,"169241,06"
Debit,100000,5000,711234511,"83,94",1.199.142.857,TED,04/06/2019 09:00,"169521,68"
Debit,100000,5000,711234511,"229,25","32,75",Petshop,02/06/2019 19:00,"169605,62"
Debit,100000,5000,711234511,"155,38",2.219.714.286,Restaurante,02/06/2019 17:00,"169834,87"
Debit,100000,5000,711234511,"268,25",3.832.142.857,Curso,26/05/2019 13:00,"169990,25"
Debit,100000,5000,711234511,"915,22",1.307.457.143,Curso,26/05/2019 11:00,"170258,5"
Debit,100000,5000,711234511,"413,65",5.909.285.714,TED,25/05/2019 19:00,"171173,72"
Debit,100000,5000,711234511,"996,81",1.424.014.286,E-commerce,25/05/2019 04:00,"171587,37"
Debit,100000,5000,711234511,"212,88",3.041.142.857,Boleto,24/05/2019 20:00,"172584,18"
Debit,100000,5000,711234511,"741,83",1.059.757.143,Supermercado,24/05/2019 07:00,"172797,06"
Debit,100000,5000,711234511,"1328,14",1.897.342.857,TED,21/05/2019 13:00,"173538,89"
Debit,100000,5000,711234511,"1839,75",2.628.214.286,Petshop,20/05/2019 21:00,"174867,03"
Debit,100000,5000,711234511,"148,75","21,25",Petshop,19/05/2019 16:00,"176706,78"
Debit,100000,5000,711234511,"405,55",5.793.571.429,Boleto,19/05/2019 13:00,"176855,53"
Debit,100000,5000,711234511,"18,4",368,Agencia de Viagem,19/05/2019 10:00,"177261,08"
Debit,100000,5000,711234511,"913,34",1.304.771.429,TED,18/05/2019 07:00,"177279,48"
Debit,100000,5000,711234511,"312,3",68,Operadora de Telefone,16/05/2019 14:00,"178192,82"
Debit,100000,5000,711234511,"659,83",68,Operadora de Telefone,16/05/2019 06:00,"178505,12"
Debit,100000,5000,711234511,"68,67",153,Mensalidade Academia,14/05/2019 20:00,"179164,95"
Debit,100000,5000,711234511,"216,99",3.099.857.143,Hospital,12/05/2019 21:00,"179233,62"
Debit,100000,5000,711234511,"1657,26",2.367.514.286,Pagamento,12/05/2019 21:00,"179450,61"
Debit,100000,5000,711234511,"496,58","70,94",TED,12/05/2019 08:00,"181107,87"
Debit,100000,5000,711234511,"141,13",2.016.142.857,Servi혁os,11/05/2019 23:00,"181604,45"
Debit,100000,5000,711234511,"347,28","347,28",Agencia de Viagem,11/05/2019 09:00,"181745,58"
Debit,100000,5000,711234511,"327,69",4.681.285.714,DOC,09/05/2019 13:00,"182092,86"
Debit,100000,5000,711234511,"13,76","13,76",Supermercado,06/05/2019 18:00,"182420,55"
Debit,100000,5000,711234511,"58,39",8.341.428.571,Transferencia,06/05/2019 06:00,"182434,31"
Debit,100000,5000,711234511,"403,3",68,Operadora de Telefone,03/05/2019 18:00,"182492,7"
Debit,100000,5000,711234511,"296,96",4.242.285.714,Transferencia,29/04/2019 21:00,182896
Credit,100000,5000,711234511,"771,79",1.102.557.143,Transferencia,28/04/2019 21:00,"183192,96"
Debit,100000,5000,711234511,"1223,87",68,Operadora de Telefone,27/04/2019 08:00,"183964,75"
Debit,100000,5000,711234511,"23,42","234,2",Curso,27/04/2019 06:00,"185188,62"
Debit,100000,5000,711234511,"188,14",2.687.714.286,Fatura,27/04/2019 06:00,"185212,04"
Debit,100000,5000,711234511,"265,4",3.791.428.571,DOC,26/04/2019 20:00,"185400,18"
Debit,100000,5000,711234511,"319,87",4.569.571.429,Bar,25/04/2019 00:00,"185665,58"
Debit,100000,5000,711234511,"181,75",153,Mensalidade Academia,23/04/2019 01:00,"185985,45"
Debit,100000,5000,711234511,"1391,45",1.987.785.714,Hospital,23/04/2019 01:00,"186167,2"
Debit,100000,5000,711234511,"16,98",2000,Aluguel,22/04/2019 20:00,"187558,65"
Debit,100000,5000,711234511,"1900,45",2.714.928.571,Supermercado,17/04/2019 13:00,"187575,63"
Debit,100000,5000,711234511,"1725,96",2.465.657.143,Balada,17/04/2019 05:00,"189476,08"
Debit,100000,5000,711234511,"269,42",3.848.857.143,Farmacia,17/04/2019 01:00,"191202,04"
Debit,100000,5000,711234511,"741,46",1.059.228.571,Farmacia,16/04/2019 06:00,"191471,46"
Debit,100000,5000,711234511,"115,96",1.656.571.429,Transferencia,15/04/2019 03:00,"192212,92"
Debit,100000,5000,711234511,"906,84",1.295.485.714,Farmacia,14/04/2019 06:00,"192328,88"
Debit,100000,5000,711234511,"26,88","268,8",Curso,14/04/2019 05:00,"193235,72"
Debit,100000,5000,711234511,"463,65",2000,Aluguel,13/04/2019 04:00,"193262,6"
Debit,100000,5000,711234511,"227,68",3.252.571.429,Supermercado,11/04/2019 23:00,"193726,25"
Debit,100000,5000,711234511,"354,49","354,49",Agencia de Viagem,11/04/2019 14:00,"193953,93"
Debit,100000,5000,711234511,"153,57",2.193.857.143,Farmacia,11/04/2019 13:00,"194308,42"
Debit,100000,5000,711234511,"36,2",5.171.428.571,TED,10/04/2019 07:00,"194461,99"
Debit,100000,5000,711234511,"197,88",2.826.857.143,Servi혁os,09/04/2019 19:00,"194498,19"
Debit,100000,5000,711234511,"1267,81",1.811.157.143,DOC,09/04/2019 05:00,"194696,07"
Debit,100000,5000,711234511,"494,32",7.061.714.286,Farmacia,07/04/2019 15:00,"195963,88"
Debit,100000,5000,711234511,"274,35",3.919.285.714,Curso,06/04/2019 17:00,"196458,2"
Debit,100000,5000,711234511,"396,79",5.668.428.571,Curso,05/04/2019 18:00,"196732,55"
Debit,100000,5000,711234511,"346,24",4.946.285.714,Hospital,04/04/2019 18:00,"197129,34"
Debit,100000,5000,711234511,"1782,83","254,69",Bar,03/04/2019 03:00,"197475,58"
Debit,100000,5000,711234511,"93,16","93,16",Servi혁os de Streaming,31/03/2019 06:00,"199258,41"
Debit,100000,5000,711234511,"139,08",1.986.857.143,Bar,30/03/2019 12:00,"199351,57"
Debit,100000,5000,711234511,"9,12","9,12",Pagamento,29/03/2019 17:00,"199490,65"
Debit,100000,5000,711234511,"359,05",153,Mensalidade Academia,27/03/2019 22:00,"199499,77"
Debit,100000,5000,711234511,"1382,29","197,47",Fatura,27/03/2019 15:00,"199858,82"
Debit,100000,5000,711234511,"409,77",5.853.857.143,Transferencia,27/03/2019 06:00,"201241,11"
Debit,100000,5000,711234511,"117,76",1.682.285.714,E-commerce,26/03/2019 17:00,"201650,88"
Debit,100000,5000,711234511,"1774,51",2.535.014.286,Pagamento,26/03/2019 11:00,"201768,64"
Debit,100000,5000,711234511,"146,78",153,Mensalidade Academia,19/03/2019 12:00,"203543,15"
Debit,100000,5000,711234511,"745,9",2000,Aluguel,19/03/2019 12:00,"203689,93"
Debit,100000,5000,711234511,"105,06",68,Operadora de Telefone,17/03/2019 18:00,"204435,83"
Debit,100000,5000,711234511,"109,76","15,68",Farmacia,17/03/2019 11:00,"204540,89"
Debit,100000,5000,711234511,"394,99",5.642.714.286,DOC,16/03/2019 14:00,"204650,65"
Debit,100000,5000,711234511,"342,51",68,Operadora de Telefone,14/03/2019 10:00,"205045,64"
Debit,100000,5000,711234511,"1869,84","267,12",TED,14/03/2019 03:00,"205388,15"
Debit,100000,5000,711234511,"1191,97",153,Mensalidade Academia,13/03/2019 20:00,"207257,99"
Debit,100000,5000,711234511,"457,14",6.530.571.429,Bar,13/03/2019 16:00,"208449,96"
Debit,100000,5000,711234511,"121,14",1.730.571.429,Petshop,13/03/2019 15:00,"208907,1"
Debit,100000,5000,711234511,"1325,18",1.893.114.286,DOC,13/03/2019 10:00,"209028,24"
Debit,100000,5000,711234511,"844,5",68,Operadora de Telefone,12/03/2019 17:00,"210353,42"
Debit,100000,5000,711234511,"1085,55",1.550.785.714,Pagamento,12/03/2019 16:00,"211197,92"
Debit,100000,5000,711234511,"497,94",7.113.428.571,Balada,12/03/2019 14:00,"212283,47"
Debit,100000,5000,711234511,"1315,9",2000,Aluguel,12/03/2019 13:00,"212781,41"
Debit,100000,5000,711234511,"331,29",4.732.714.286,Balada,11/03/2019 16:00,"214097,31"
Debit,100000,5000,711234511,"16,64",68,Operadora de Telefone,09/03/2019 00:00,"214428,6"
Debit,100000,5000,711234511,"483,28","69,04",Servi혁os,08/03/2019 21:00,"214445,24"
Debit,100000,5000,711234511,"1114,67",1.592.385.714,DOC,08/03/2019 02:00,"214928,52"
Credit,100000,5000,711234511,"785,01",1.121.442.857,DOC,07/03/2019 11:00,"216043,19"
Debit,100000,5000,711234511,"415,45","59,35",Pagamento,06/03/2019 21:00,"216828,2"
Debit,100000,5000,711234511,"241,59",3.451.285.714,Boleto,06/03/2019 12:00,"217243,65"
Debit,100000,5000,711234511,"64,23",9.175.714.286,Supermercado,04/03/2019 12:00,"217485,24"
Debit,100000,5000,711234511,"178,51",153,Mensalidade Academia,04/03/2019 08:00,"217549,47"
Debit,100000,5000,711234511,"999,62",1.428.028.571,Agencia de Viagem,28/02/2019 14:00,"217727,98"
Debit,100000,5000,711234511,"446,2",6.374.285.714,Supermercado,27/02/2019 12:00,"218727,6"
Debit,100000,5000,711234511,"479,65",6.852.142.857,Boleto,27/02/2019 06:00,"219173,8"
Debit,100000,5000,711234511,"1118,7",1.598.142.857,DOC,25/02/2019 16:00,"219653,45"
Debit,100000,5000,711234511,"224,22",3.203.142.857,Bar,24/02/2019 04:00,"220772,15"
Debit,100000,5000,711234511,"23,92",3.417.142.857,Petshop,23/02/2019 21:00,"220996,37"
Debit,100000,5000,711234511,"442,79",6.325.571.429,Transferencia,23/02/2019 15:00,"221020,29"
Debit,100000,5000,711234511,"1203,55",1.719.357.143,Transferencia,22/02/2019 08:00,"221463,08"
Debit,100000,5000,711234511,"23,17","3,31",Hospital,21/02/2019 04:00,"222666,63"
Debit,100000,5000,711234511,"1058,77",1.512.528.571,DOC,20/02/2019 12:00,"222689,8"
Debit,100000,5000,711234511,"395,09",5.644.142.857,Transferencia,20/02/2019 08:00,"223748,57"
Debit,100000,5000,711234511,"1911,73",2.731.042.857,TED,20/02/2019 07:00,"224143,66"
Debit,100000,5000,711234511,"660,53",9.436.142.857,Servi혁os,19/02/2019 16:00,"226055,39"
Debit,100000,5000,711234511,"468,9",6.698.571.429,Fatura,18/02/2019 08:00,"226715,92"
Debit,100000,5000,711234511,"370,54",5.293.428.571,DOC,18/02/2019 02:00,"227184,82"
Debit,100000,5000,711234511,"314,47",4.492.428.571,Fatura,17/02/2019 22:00,"227555,36"
Debit,100000,5000,711234511,"18,65","18,65",Restaurante,17/02/2019 15:00,"227869,83"
Debit,100000,5000,711234511,"432,82",6.183.142.857,Hospital,17/02/2019 03:00,"227888,48"
Debit,100000,5000,711234511,"191,34",2.733.428.571,Farmacia,14/02/2019 18:00,"228321,3"
Debit,100000,5000,711234511,"382,91",5.470.142.857,Curso,14/02/2019 10:00,"228512,64"
Debit,100000,5000,711234511,"280,86",4.012.285.714,E-commerce,13/02/2019 18:00,"228895,55"
Debit,100000,5000,711234511,"419,85",5.997.857.143,DOC,11/02/2019 16:00,"229176,41"
Debit,100000,5000,711234511,"153,58","153,58",Agencia de Viagem,11/02/2019 12:00,"229596,26"
Debit,100000,5000,711234511,"283,63",4.051.857.143,Agencia de Viagem,10/02/2019 07:00,"229749,84"
Debit,100000,5000,711234511,"489,55",6.993.571.429,DOC,09/02/2019 15:00,"230033,47"
Debit,100000,5000,711234511,"132,49",1.892.714.286,Balada,09/02/2019 01:00,"230523,02"
Debit,100000,5000,711234511,"387,71",5.538.714.286,Boleto,08/02/2019 20:00,"230655,51"
Debit,100000,5000,711234511,"776,38",1.109.114.286,Bar,08/02/2019 06:00,"231043,22"
Debit,100000,5000,711234511,"39,46","39,46",Bar,07/02/2019 15:00,"231819,6"
Debit,100000,5000,711234511,"220,51",3.150.142.857,Pagamento,06/02/2019 11:00,"231859,06"
Debit,100000,5000,711234511,"1169,64",1.670.914.286,Restaurante,05/02/2019 16:00,"232079,57"
Debit,100000,5000,711234511,"244,37",68,Operadora de Telefone,05/02/2019 07:00,"233249,21"
Debit,100000,5000,711234511,"465,83",6.654.714.286,Bar,05/02/2019 06:00,"233493,58"
Debit,100000,5000,711234511,"35,01",68,Operadora de Telefone,04/02/2019 08:00,"233959,41"
Debit,100000,5000,711234511,"187,12",2.673.142.857,Pagamento,04/02/2019 06:00,"233994,42"
Debit,100000,5000,711234511,"94,51","94,51",Agencia de Viagem,02/02/2019 05:00,"234181,54"
Debit,100000,5000,711234511,"195,86","27,98",Bar,02/02/2019 03:00,"234276,05"
Credit,150000,12500,711234522,"1605,27",36350,Curso,29/02/2020 07:00,"36765,93"
Credit,150000,12500,711234522,"191,51",72998,Bar,24/02/2020 19:00,"38371,2"
Debit,150000,12500,711234522,"240,12",83258,Bar,23/02/2020 21:00,"38562,71"
Debit,150000,12500,711234522,500,89111,Operadora de Telefone,21/02/2020 01:00,"38802,83"
Credit,150000,12500,711234522,"180,34",62808,Curso,20/02/2020 14:00,"39302,83"
Credit,150000,12500,711234522,"4703,32",10391,Aluguel,14/02/2020 14:00,"39483,17"
Credit,150000,12500,711234522,"183,89",28506,Restaurante,10/02/2020 20:00,"44186,49"
Credit,150000,12500,711234522,"176,95",92583,Balada,10/02/2020 18:00,"44370,38"
Debit,150000,12500,711234522,"4703,32",97840,Aluguel,08/02/2020 10:00,"44547,33"
Credit,150000,12500,711234522,"18360,33",14066,Hospital,01/02/2020 00:00,"49250,65"
Credit,150000,12500,711234522,"16441,27",77241,Agencia de Viagem,26/01/2020 11:00,"67610,98"
Credit,150000,12500,711234522,"1317,25",37934,E-commerce,22/01/2020 08:00,"84052,25"
Credit,150000,12500,711234522,"170,63",86692,Farmacia,21/01/2020 03:00,"85369,5"
Credit,150000,12500,711234522,"18845,63","682,34",Supermercado,19/01/2020 21:00,"85540,13"
Credit,150000,12500,711234522,"1967,85",79227,Pagamento,18/01/2020 00:00,"104385,76"
Debit,150000,12500,711234522,"129,61",87941,Farmacia,16/01/2020 01:00,"106353,61"
Debit,150000,12500,711234522,"8180,74","778,08",Supermercado,14/01/2020 23:00,"106483,22"
Debit,150000,12500,711234522,"348,77",65973,Fatura,13/01/2020 11:00,"114663,96"
Credit,150000,12500,711234522,"286,48",26963,Mensalidade Academia,11/01/2020 16:00,"115012,73"
Debit,150000,12500,711234522,500,42224,Operadora de Telefone,04/01/2020 22:00,"115299,21"
Debit,150000,12500,711234522,"506,91",92007,Balada,02/01/2020 17:00,"115799,21"
Credit,150000,12500,711234522,500,75694,Operadora de Telefone,29/12/2019 04:00,"116306,12"
Debit,150000,12500,711234522,"1113,33",31701,TED,28/12/2019 07:00,"116806,12"
Debit,150000,12500,711234522,"61,87",75102,Bar,21/12/2019 18:00,"117919,45"
Debit,150000,12500,711234522,"584,55",57669,Agencia de Viagem,21/12/2019 10:00,"117981,32"
Debit,150000,12500,711234522,"86,85",29403,Servi혁os,19/12/2019 06:00,"118565,87"
Credit,150000,12500,711234522,"15742,55",28143,Boleto,17/12/2019 04:00,"118652,72"
Debit,150000,12500,711234522,"712,53",65958,DOC,16/12/2019 19:00,"134395,27"
Credit,150000,12500,711234522,"1842,55",41259,E-commerce,16/12/2019 08:00,"135107,8"
Debit,150000,12500,711234522,"1050,8",52425,Balada,15/12/2019 19:00,"136950,35"
Debit,150000,12500,711234522,"16,9",46712,Servi혁os de Streaming,14/12/2019 15:00,"138001,15"
Credit,150000,12500,711234522,"185,67",65537,Petshop,13/12/2019 18:00,"138018,05"
Debit,150000,12500,711234522,"4398,94",35727,Hospital,13/12/2019 05:00,"138203,72"
Credit,150000,12500,711234522,"16646,04","708,86",Supermercado,12/12/2019 07:00,"142602,66"
Credit,150000,12500,711234522,500,85839,Operadora de Telefone,11/12/2019 17:00,"159248,7"
Credit,150000,12500,711234522,"1854,26",92858,Servi혁os,07/12/2019 20:00,"159748,7"
Credit,150000,12500,711234522,"17469,3",93863,Pagamento,29/11/2019 23:00,"161602,96"
Credit,150000,12500,711234522,"192,56",89647,Servi혁os,29/11/2019 11:00,"179072,26"
Debit,150000,12500,711234522,"352,07",18150,Servi혁os,22/11/2019 17:00,"179264,82"
Debit,150000,12500,711234522,"662,44",52990,DOC,22/11/2019 14:00,"179616,89"
Credit,150000,12500,711234522,"2986,6",73042,DOC,22/11/2019 01:00,"180279,33"
Credit,150000,12500,711234522,"161,75",49732,Bar,21/11/2019 01:00,"183265,93"
Credit,150000,12500,711234522,"17603,27",85477,Fatura,15/11/2019 00:00,"183427,68"
Credit,150000,12500,711234522,"190,54",40958,Restaurante,10/11/2019 15:00,"201030,95"
Credit,150000,12500,711234522,"183,83",74451,E-commerce,06/11/2019 17:00,"201221,49"
Debit,150000,12500,711234522,"6940,09",79645,Hospital,03/11/2019 00:00,"201405,32"
Credit,150000,12500,711234522,"286,48",46111,Mensalidade Academia,31/10/2019 17:00,"208345,41"
Credit,150000,12500,711234522,"16,9",71332,Servi혁os de Streaming,31/10/2019 16:00,"208631,89"
Debit,150000,12500,711234522,"16,9",31620,TED,31/10/2019 12:00,"208648,79"
Credit,150000,12500,711234522,"286,48",22766,Mensalidade Academia,25/10/2019 16:00,"208665,69"
Debit,150000,12500,711234522,"747,61",44490,DOC,23/10/2019 05:00,"208952,17"
Credit,150000,12500,711234522,"1999,06",61325,Balada,20/10/2019 00:00,"209699,78"
Debit,150000,12500,711234522,"7402,56",54788,Pagamento,17/10/2019 11:00,"211698,84"
Credit,150000,12500,711234522,"1689,42",41926,DOC,15/10/2019 00:00,"219101,4"
Credit,150000,12500,711234522,"17119,36",49350,Curso,04/10/2019 20:00,"220790,82"
Debit,150000,12500,711234522,"208,1",24726,Bar,27/09/2019 02:00,"237910,18"
Debit,150000,12500,711234522,1959,69891,Transferencia,05/09/2019 07:00,"238118,28"
Credit,150000,12500,711234522,"16,9",39322,Servi혁os de Streaming,30/08/2019 02:00,"240077,28"
Credit,150000,12500,711234522,"181,26",32337,Farmacia,15/08/2019 15:00,"240094,18"
Credit,150000,12500,711234522,"505,04",56263,Restaurante,12/08/2019 09:00,"240275,44"
Credit,150000,12500,711234522,500,13477,Operadora de Telefone,11/08/2019 23:00,"240780,48"
Credit,150000,12500,711234522,"1819,9",39002,DOC,09/08/2019 11:00,"241280,48"
Debit,150000,12500,711234522,"2839,02",60697,Servi혁os,07/08/2019 19:00,"243100,38"
Debit,150000,12500,711234522,"292,44",95201,Balada,07/08/2019 00:00,"245939,4"
Debit,150000,12500,711234522,"508,81",93282,Agencia de Viagem,05/08/2019 07:00,"246231,84"
Credit,150000,12500,711234522,"10555,46",61995,Agencia de Viagem,31/07/2019 14:00,"246740,65"
Credit,150000,12500,711234522,"1642,38",74958,DOC,27/07/2019 19:00,"257296,11"
Credit,150000,12500,711234522,"1873,66",35928,Balada,27/07/2019 02:00,"258938,49"
Credit,150000,12500,711234522,"150,59",80094,Hospital,23/07/2019 11:00,"260812,15"
Credit,150000,12500,711234522,"1808,65",67273,E-commerce,20/07/2019 16:00,"260962,74"
Debit,150000,12500,711234522,"676,63",96118,Curso,20/07/2019 16:00,"262771,39"
Debit,150000,12500,711234522,"567,22",63814,TED,17/07/2019 19:00,"263448,02"
Debit,150000,12500,711234522,"809,56",62134,TED,17/07/2019 02:00,"264015,24"
Debit,150000,12500,711234522,"578,27","513,29",Supermercado,30/06/2019 06:00,"264824,8"
Credit,150000,12500,711234522,"16,9",36269,Servi혁os de Streaming,20/06/2019 20:00,"265403,07"
Debit,150000,12500,711234522,"2305,51",96820,E-commerce,20/06/2019 20:00,"265419,97"
Debit,150000,12500,711234522,500,42461,Operadora de Telefone,19/06/2019 11:00,"267725,48"
Debit,150000,12500,711234522,"286,48",47890,Mensalidade Academia,16/06/2019 03:00,"268225,48"
Debit,150000,12500,711234522,"856,05",31618,Restaurante,06/06/2019 12:00,"268511,96"
Credit,150000,12500,711234522,"2394,04",59149,Hospital,04/06/2019 21:00,"269368,01"
Credit,150000,12500,711234522,"19225,76",91985,Fatura,04/06/2019 10:00,"271762,05"
Debit,150000,12500,711234522,"1200,45",12243,Restaurante,03/06/2019 10:00,"290987,81"
Credit,150000,12500,711234522,"4703,32",21848,Aluguel,01/06/2019 14:00,"292188,26"
Debit,150000,12500,711234522,"4703,32",23621,Aluguel,29/05/2019 08:00,"296891,58"
Credit,150000,12500,711234522,"474,87",56205,Bar,27/05/2019 02:00,"301594,9"
Debit,150000,12500,711234522,"1056,3",20794,Restaurante,24/05/2019 18:00,"302069,77"
Debit,150000,12500,711234522,"16,9",46033,Servi혁os de Streaming,23/05/2019 19:00,"303126,07"
Debit,150000,12500,711234522,"16,9",89585,Servi혁os de Streaming,17/05/2019 18:00,"303142,97"
Debit,150000,12500,711234522,"19976,6",47511,TED,09/05/2019 02:00,"303159,87"
Credit,150000,12500,711234522,"286,48",93190,Mensalidade Academia,06/05/2019 10:00,"323136,47"
Debit,150000,12500,711234522,"286,48",58833,Mensalidade Academia,04/05/2019 17:00,"323422,95"
Credit,150000,12500,711234522,"17041,57","678,88",Supermercado,04/05/2019 16:00,"323709,43"
Credit,150000,12500,711234522,"1506,72",54077,Servi혁os,02/05/2019 06:00,340751
Credit,150000,12500,711234522,500,13760,Operadora de Telefone,01/05/2019 01:00,"342257,72"
Credit,150000,12500,711234522,"1857,15",58106,DOC,29/04/2019 06:00,"342757,72"
Credit,150000,12500,711234522,"16,9",80904,Servi혁os de Streaming,20/04/2019 02:00,"344614,87"
Debit,150000,12500,711234522,"685,68",41429,E-commerce,07/04/2019 20:00,"344631,77"
Debit,150000,12500,711234522,"2067,35",13870,Transferencia,25/03/2019 16:00,"345317,45"
Debit,150000,12500,711234522,"2084,13",59262,Transferencia,24/03/2019 12:00,"347384,8"
Credit,150000,12500,711234522,"16,9",88639,Servi혁os de Streaming,20/03/2019 15:00,"349468,93"
Credit,150000,12500,711234522,"3201,54",29971,Fatura,19/03/2019 23:00,"349485,83"
Credit,150000,12500,711234522,"1393,62",42029,Hospital,14/03/2019 13:00,"352687,37"
Credit,150000,12500,711234522,"15336,34",81274,Curso,05/03/2019 15:00,"354080,99"
Debit,150000,12500,711234522,"197,24",18699,TED,28/02/2019 08:00,"369417,33"
Debit,150000,12500,711234522,"7127,74",19144,Transferencia,25/02/2019 09:00,"369614,57"
Credit,150000,12500,711234522,"125,11",19068,Servi혁os,20/02/2019 16:00,"376742,31"
Credit,150000,12500,711234522,"16,9",14948,Servi혁os de Streaming,16/02/2019 11:00,"376867,42"
Debit,150000,12500,711234522,"840,95",51657,DOC,15/02/2019 19:00,"376884,32"
Debit,150000,12500,711234522,500,74220,Operadora de Telefone,15/02/2019 15:00,"377725,27"
Debit,150000,12500,711234522,"876,17",23658,TED,15/02/2019 12:00,"378225,27"
Credit,150000,12500,711234522,"119,82",76580,Farmacia,14/02/2019 00:00,"379101,44"
Credit,150000,12500,711234522,"12013,05","793,62",Supermercado,12/02/2019 14:00,"379221,26"
Credit,150000,12500,711234522,"9427,11",75249,Pagamento,10/02/2019 15:00,"391234,31"
Debit,150000,12500,711234522,"419,24",28625,Pagamento,10/02/2019 10:00,"400661,42"
Debit,150000,12500,711234522,"910,83",80916,Restaurante,08/02/2019 10:00,"401080,66"
Credit,150000,12500,711234522,"1905,06",56588,E-commerce,05/02/2019 21:00,"401991,49"
Debit,150000,12500,711234522,"4703,32",85848,Aluguel,04/02/2019 20:00,"403896,55"
Debit,150000,12500,711234522,"286,48",83524,Mensalidade Academia,03/02/2019 00:00,"408599,87"
